<?xml version="1.0" encoding="ISO-8859-1"?>
<modeling>
 <generator>
  <i name="program" type="string">vasp </i>
  <i name="version" type="string">5.4.4.18Apr17-6-g9f103f2a35  </i>
  <i name="subversion" type="string">(build Nov 25 2021 15:25:00) complex            parallel </i>
  <i name="platform" type="string">LinuxIFC </i>
  <i name="date" type="string">2022 02 21 </i>
  <i name="time" type="string">10:16:55 </i>
 </generator>
 <incar>
  <i type="string" name="PREC">a</i>
  <i type="string" name="ALGO">Fast</i>
  <i type="int" name="NELM">   120</i>
  <i type="int" name="NELMIN">     4</i>
  <i type="int" name="IBRION">     0</i>
  <i name="EDIFF">      0.00000100</i>
  <i type="int" name="NSW">    10</i>
  <i type="int" name="ISIF">     2</i>
  <i type="int" name="ISYM">     0</i>
  <i name="ENCUT">    400.00000000</i>
  <i name="POTIM">      0.50000000</i>
  <i type="logical" name="LREAL"> F  </i>
  <i type="int" name="ISMEAR">     0</i>
  <i name="SIGMA">      0.20000000</i>
  <i name="KSPACING">      0.50000000</i>
  <i type="logical" name="KGAMMA"> F  </i>
  <i name="PSTRESS">      0.00000000</i>
  <i type="logical" name="LWAVE"> F  </i>
  <i type="logical" name="LCHARG"> F  </i>
  <v type="int" name="KPOINT_BSE">    -1     0     0     0</v>
  <i type="int" name="NELM">   120</i>
 </incar>
 <structure name="primitive_cell" >
  <crystal>
   <varray name="basis" >
    <v>      10.00000000       0.00000000       0.00000000 </v>
    <v>       0.00000000      10.00000000       0.00000000 </v>
    <v>       0.00000000       0.00000000      10.00000000 </v>
   </varray>
   <i name="volume">   1000.00000000 </i>
   <varray name="rec_basis" >
    <v>       0.10000000       0.00000000       0.00000000 </v>
    <v>       0.00000000       0.10000000       0.00000000 </v>
    <v>       0.00000000       0.00000000       0.10000000 </v>
   </varray>
  </crystal>
  <varray name="positions" >
   <v>      -0.46184600       0.40686100       0.36057300 </v>
   <v>      -0.49674900       0.46725500       0.44523200 </v>
   <v>       0.39454000       0.48032100       0.43846900 </v>
   <v>      -0.44790800      -0.43455000       0.44270900 </v>
   <v>      -0.47181500       0.41641500      -0.46081700 </v>
  </varray>
 </structure>
 <varray name="primitive_index" >
  <v type="int" >        1 </v>
  <v type="int" >        5 </v>
  <v type="int" >        2 </v>
  <v type="int" >        3 </v>
  <v type="int" >        4 </v>
 </varray>
 <kpoints>
  <generation param="Monkhorst-Pack">
   <v type="int" name="divisions">       2        2        2 </v>
   <v name="usershift">      0.00000000       0.00000000       0.00000000 </v>
   <v name="genvec1">      0.50000000       0.00000000       0.00000000 </v>
   <v name="genvec2">      0.00000000       0.50000000       0.00000000 </v>
   <v name="genvec3">      0.00000000       0.00000000       0.50000000 </v>
   <v name="shift">      0.50000000       0.50000000       0.50000000 </v>
  </generation>
  <varray name="kpointlist" >
   <v>       0.25000000       0.25000000       0.25000000 </v>
   <v>      -0.25000000       0.25000000       0.25000000 </v>
   <v>       0.25000000      -0.25000000       0.25000000 </v>
   <v>      -0.25000000      -0.25000000       0.25000000 </v>
  </varray>
  <varray name="weights" >
   <v>       0.25000000 </v>
   <v>       0.25000000 </v>
   <v>       0.25000000 </v>
   <v>       0.25000000 </v>
  </varray>
 </kpoints>
 <parameters>
  <separator name="general" >
   <i type="string" name="SYSTEM">unknown system</i>
   <i type="logical" name="LCOMPAT"> F  </i>
  </separator>
  <separator name="electronic" >
   <i type="string" name="PREC">a</i>
   <i name="ENMAX">    400.00000000</i>
   <i name="ENAUG">    644.87300000</i>
   <i name="EDIFF">      0.00000100</i>
   <i type="int" name="IALGO">    68</i>
   <i type="int" name="IWAVPR">    12</i>
   <i type="int" name="NBANDS">     8</i>
   <i name="NELECT">      8.00000000</i>
   <i type="int" name="TURBO">     0</i>
   <i type="int" name="IRESTART">     0</i>
   <i type="int" name="NREBOOT">     0</i>
   <i type="int" name="NMIN">     0</i>
   <i name="EREF">      0.00000000</i>
   <separator name="electronic smearing" >
    <i type="int" name="ISMEAR">     0</i>
    <i name="SIGMA">      0.20000000</i>
    <i name="KSPACING">      0.50000000</i>
    <i type="logical" name="KGAMMA"> F  </i>
   </separator>
   <separator name="electronic projectors" >
    <i type="logical" name="LREAL"> F  </i>
    <v name="ROPT">      0.00000000      0.00000000</v>
    <i type="int" name="LMAXPAW">  -100</i>
    <i type="int" name="LMAXMIX">     2</i>
    <i type="logical" name="NLSPLINE"> F  </i>
   </separator>
   <separator name="electronic startup" >
    <i type="int" name="ISTART">     0</i>
    <i type="int" name="ICHARG">     2</i>
    <i type="int" name="INIWAV">     1</i>
   </separator>
   <separator name="electronic spin" >
    <i type="int" name="ISPIN">     1</i>
    <i type="logical" name="LNONCOLLINEAR"> F  </i>
    <v name="MAGMOM">      1.00000000      1.00000000      1.00000000      1.00000000      1.00000000</v>
    <i name="NUPDOWN">     -1.00000000</i>
    <i type="logical" name="LSORBIT"> F  </i>
    <v name="SAXIS">      0.00000000      0.00000000      1.00000000</v>
    <i type="logical" name="LSPIRAL"> F  </i>
    <v name="QSPIRAL">      0.00000000      0.00000000      0.00000000</v>
    <i type="logical" name="LZEROZ"> F  </i>
   </separator>
   <separator name="electronic exchange-correlation" >
    <i type="logical" name="LASPH"> F  </i>
    <i type="logical" name="LMETAGGA"> F  </i>
   </separator>
   <separator name="electronic convergence" >
    <i type="int" name="NELM">   120</i>
    <i type="int" name="NELMDL">    -5</i>
    <i type="int" name="NELMIN">     4</i>
    <i name="ENINI">    400.00000000</i>
    <separator name="electronic convergence detail" >
     <i type="logical" name="LDIAG"> T  </i>
     <i type="logical" name="LSUBROT"> F  </i>
     <i name="WEIMIN">      0.00100000</i>
     <i name="EBREAK">      0.00000003</i>
     <i name="DEPER">      0.30000000</i>
     <i type="int" name="NRMM">     4</i>
     <i name="TIME">      0.40000000</i>
    </separator>
   </separator>
   <separator name="electronic mixer" >
    <i name="AMIX">      0.40000000</i>
    <i name="BMIX">      1.00000000</i>
    <i name="AMIN">      0.10000000</i>
    <i name="AMIX_MAG">      1.60000000</i>
    <i name="BMIX_MAG">      1.00000000</i>
    <separator name="electronic mixer details" >
     <i type="int" name="IMIX">     4</i>
     <i type="logical" name="MIXFIRST"> F  </i>
     <i type="int" name="MAXMIX">   -45</i>
     <i name="WC">    100.00000000</i>
     <i type="int" name="INIMIX">     1</i>
     <i type="int" name="MIXPRE">     1</i>
     <i type="int" name="MREMOVE">     5</i>
    </separator>
   </separator>
   <separator name="electronic dipolcorrection" >
    <i type="logical" name="LDIPOL"> F  </i>
    <i type="logical" name="LMONO"> F  </i>
    <i type="int" name="IDIPOL">     0</i>
    <i name="EPSILON">      1.00000000</i>
    <v name="DIPOL">   -100.00000000   -100.00000000   -100.00000000</v>
    <i name="EFIELD">      0.00000000</i>
   </separator>
  </separator>
  <separator name="grids" >
   <i type="int" name="NGX">    70</i>
   <i type="int" name="NGY">    70</i>
   <i type="int" name="NGZ">    70</i>
   <i type="int" name="NGXF">   140</i>
   <i type="int" name="NGYF">   140</i>
   <i type="int" name="NGZF">   140</i>
   <i type="logical" name="ADDGRID"> F  </i>
  </separator>
  <separator name="ionic" >
   <i type="int" name="NSW">    10</i>
   <i type="int" name="IBRION">     0</i>
   <i type="int" name="MDALGO">     0</i>
   <i type="int" name="ISIF">     2</i>
   <i name="PSTRESS">      0.00000000</i>
   <i name="EDIFFG">      0.00001000</i>
   <i type="int" name="NFREE">     0</i>
   <i name="POTIM">      0.50000000</i>
   <i name="SMASS">     -3.00000000</i>
   <i name="SCALEE">      1.00000000</i>
  </separator>
  <separator name="ionic md" >
   <i name="TEBEG">      0.00010000</i>
   <i name="TEEND">      0.00010000</i>
   <i type="int" name="NBLOCK">     1</i>
   <i type="int" name="KBLOCK">    10</i>
   <i type="int" name="NPACO">   256</i>
   <i name="APACO">     16.00000000</i>
  </separator>
  <separator name="symmetry" >
   <i type="int" name="ISYM">     0</i>
   <i name="SYMPREC">      0.00001000</i>
  </separator>
  <separator name="dos" >
   <i type="int" name="LORBIT">     0</i>
   <v name="RWIGS">     -1.00000000     -1.00000000</v>
   <i type="int" name="NEDOS">   301</i>
   <i name="EMIN">     10.00000000</i>
   <i name="EMAX">    -10.00000000</i>
   <i name="EFERMI">      0.00000000</i>
  </separator>
  <separator name="writing" >
   <i type="int" name="NWRITE">     2</i>
   <i type="logical" name="LWAVE"> F  </i>
   <i type="logical" name="LDOWNSAMPLE"> F  </i>
   <i type="logical" name="LCHARG"> F  </i>
   <i type="logical" name="LPARD"> F  </i>
   <i type="logical" name="LVTOT"> F  </i>
   <i type="logical" name="LVHAR"> F  </i>
   <i type="logical" name="LELF"> F  </i>
   <i type="logical" name="LOPTICS"> F  </i>
   <v name="STM">      0.00000000      0.00000000      0.00000000      0.00000000      0.00000000      0.00000000      0.00000000</v>
  </separator>
  <separator name="performance" >
   <i type="int" name="NPAR">     4</i>
   <i type="int" name="NSIM">     4</i>
   <i type="int" name="NBLK">    -1</i>
   <i type="logical" name="LPLANE"> T  </i>
   <i type="logical" name="LSCALAPACK"> T  </i>
   <i type="logical" name="LSCAAWARE"> F  </i>
   <i type="logical" name="LSCALU"> F  </i>
   <i type="logical" name="LASYNC"> F  </i>
   <i type="logical" name="LORBITALREAL"> F  </i>
  </separator>
  <separator name="miscellaneous" >
   <i type="int" name="IDIOT">     3</i>
   <i type="int" name="ISPECIAL">     0</i>
   <i type="logical" name="LMUSIC"> F  </i>
   <v name="POMASS">      1.00000000     12.01100000</v>
   <v name="DARWINR">      0.00000000      0.00000000</v>
   <v name="DARWINV">      1.00000000      1.00000000</v>
   <i type="logical" name="LCORR"> T  </i>
  </separator>
  <i type="logical" name="GGA_COMPAT"> T  </i>
  <i type="logical" name="LBERRY"> F  </i>
  <i type="int" name="ICORELEVEL">     0</i>
  <i type="logical" name="LDAU"> F  </i>
  <i type="int" name="I_CONSTRAINED_M">     0</i>
  <separator name="electronic exchange-correlation" >
   <i type="string" name="GGA">--</i>
   <i type="int" name="VOSKOWN">     0</i>
   <i type="logical" name="LHFCALC"> F  </i>
   <i type="string" name="PRECFOCK"></i>
   <i type="logical" name="LSYMGRAD"> F  </i>
   <i type="logical" name="LHFONE"> F  </i>
   <i type="logical" name="LRHFCALC"> F  </i>
   <i type="logical" name="LTHOMAS"> F  </i>
   <i type="logical" name="LMODELHF"> F  </i>
   <i name="ENCUT4O">     -1.00000000</i>
   <i type="int" name="EXXOEP">     0</i>
   <i type="int" name="FOURORBIT">     0</i>
   <i name="AEXX">      0.00000000</i>
   <i name="HFALPHA">      0.00000000</i>
   <i name="MCALPHA">      0.00000000</i>
   <i name="ALDAX">      1.00000000</i>
   <i name="AGGAX">      1.00000000</i>
   <i name="ALDAC">      1.00000000</i>
   <i name="AGGAC">      1.00000000</i>
   <i type="int" name="NKREDX">     1</i>
   <i type="int" name="NKREDY">     1</i>
   <i type="int" name="NKREDZ">     1</i>
   <i type="logical" name="SHIFTRED"> F  </i>
   <i type="logical" name="ODDONLY"> F  </i>
   <i type="logical" name="EVENONLY"> F  </i>
   <i type="int" name="LMAXFOCK">     0</i>
   <i type="int" name="NMAXFOCKAE">     0</i>
   <i type="logical" name="LFOCKAEDFT"> F  </i>
   <i name="HFSCREEN">      0.00000000</i>
   <i name="HFSCREENC">      0.00000000</i>
   <i type="int" name="NBANDSGWLOW">     0</i>
  </separator>
  <separator name="vdW DFT" >
   <i type="logical" name="LUSE_VDW"> F  </i>
   <i name="Zab_VDW">     -0.84910000</i>
   <i name="PARAM1">      0.12340000</i>
   <i name="PARAM2">      1.00000000</i>
   <i name="PARAM3">      0.00000000</i>
  </separator>
  <separator name="model GW" >
   <i type="int" name="MODEL_GW">     0</i>
   <i name="MODEL_EPS0">    120.00000000</i>
   <i name="MODEL_ALPHA">      1.00000000</i>
  </separator>
  <separator name="linear response parameters" >
   <i type="logical" name="LEPSILON"> F  </i>
   <i type="logical" name="LRPA"> F  </i>
   <i type="logical" name="LNABLA"> F  </i>
   <i type="logical" name="LVEL"> F  </i>
   <i type="int" name="KINTER">     0</i>
   <i name="CSHIFT">      0.10000000</i>
   <i name="OMEGAMAX">     -1.00000000</i>
   <i name="DEG_THRESHOLD">      0.00200000</i>
   <i name="RTIME">     -0.10000000</i>
   <i name="WPLASMAI">      0.00000000</i>
   <v name="DFIELD">      0.00000000      0.00000000      0.00000000</v>
   <v name="WPLASMA">      0.00000000      0.00000000      0.00000000      0.00000000      0.00000000      0.00000000      0.00000000      0.00000000      0.00000000</v>
  </separator>
  <separator name="orbital magnetization" >
   <i type="logical" name="NUCIND"> F  </i>
   <v name="MAGPOS">      0.00000000      0.00000000      0.00000000</v>
   <i type="logical" name="LNICSALL"> T  </i>
   <i type="logical" name="ORBITALMAG"> F  </i>
   <i type="logical" name="LMAGBLOCH"> F  </i>
   <i type="logical" name="LCHIMAG"> F  </i>
   <i type="logical" name="LGAUGE"> T  </i>
   <i type="int" name="MAGATOM">     0</i>
   <v name="MAGDIPOL">      0.00000000      0.00000000      0.00000000</v>
   <v name="AVECCONST">      0.00000000      0.00000000      0.00000000</v>
  </separator>
  <separator name="response functions" >
   <i type="logical" name="LADDER"> F  </i>
   <i type="logical" name="LRPAFORCE"> F  </i>
   <i type="logical" name="LFXC"> F  </i>
   <i type="logical" name="LHARTREE"> T  </i>
   <i type="int" name="IBSE">     0</i>
   <v type="int" name="KPOINT">    -1     0     0     0</v>
   <i type="logical" name="LTCTE"> F  </i>
   <i type="logical" name="LTETE"> F  </i>
   <i type="logical" name="LTRIPLET"> F  </i>
   <i type="logical" name="LFXCEPS"> F  </i>
   <i type="logical" name="LFXHEG"> F  </i>
   <i type="int" name="NATURALO">     2</i>
   <i type="logical" name="L2ORDER"> F  </i>
   <i type="logical" name="LMP2LT"> F  </i>
   <i type="logical" name="LUSEW"> F  </i>
   <i name="ENCUTGW">     -2.00000000</i>
   <i name="ENCUTGWSOFT">     -2.00000000</i>
   <i name="ENCUTLF">     -1.00000000</i>
   <i type="int" name="LMAXMP2">    -1</i>
   <i name="SCISSOR">      0.00000000</i>
   <i type="int" name="NOMEGA">     0</i>
   <i type="int" name="NOMEGAR">     0</i>
   <i type="int" name="NBANDSGW">    -1</i>
   <i type="int" name="NBANDSO">    -1</i>
   <i type="int" name="NBANDSV">    -1</i>
   <i type="int" name="NELM">   120</i>
   <i type="int" name="NELMHF">     1</i>
   <i type="int" name="DIM">     3</i>
   <i type="int" name="ANTIRES">     0</i>
   <i name="OMEGAMAX">    -30.00000000</i>
   <i name="OMEGAMIN">    -30.00000000</i>
   <i name="OMEGATL">   -200.00000000</i>
   <i type="int" name="OMEGAGRID">   140</i>
   <i name="CSHIFT">     -0.10000000</i>
   <i type="logical" name="SELFENERGY"> F  </i>
   <i type="logical" name="LSPECTRAL"> F  </i>
   <i type="logical" name="LSPECTRALGW"> F  </i>
   <i type="logical" name="LSINGLES"> F  </i>
   <i type="logical" name="LFERMIGW"> F  </i>
   <i type="logical" name="ODDONLYGW"> F  </i>
   <i type="logical" name="EVENONLYGW"> F  </i>
   <i type="int" name="NKREDLFX">     1</i>
   <i type="int" name="NKREDLFY">     1</i>
   <i type="int" name="NKREDLFZ">     1</i>
   <i type="int" name="MAXMEM">  2800</i>
   <i type="int" name="TELESCOPE">     0</i>
   <i type="int" name="TAUPAR">     1</i>
   <i type="int" name="OMEGAPAR">    -1</i>
   <i name="LAMBDA">      1.00000000</i>
  </separator>
  <separator name="External order field" >
   <i name="OFIELD_KAPPA">      0.00000000</i>
   <v name="OFIELD_K">      0.00000000      0.00000000      0.00000000</v>
   <i name="OFIELD_Q6_NEAR">      0.00000000</i>
   <i name="OFIELD_Q6_FAR">      0.00000000</i>
   <i name="OFIELD_A">      0.00000000</i>
  </separator>
 </parameters>
 <atominfo>
  <atoms>       5 </atoms>
  <types>       2 </types>
  <array name="atoms" >
   <dimension dim="1">ion</dimension>
   <field type="string">element</field>
   <field type="int">atomtype</field>
   <set>
    <rc><c>H </c><c>   1</c></rc>
    <rc><c>H </c><c>   1</c></rc>
    <rc><c>H </c><c>   1</c></rc>
    <rc><c>H </c><c>   1</c></rc>
    <rc><c>C </c><c>   2</c></rc>
   </set>
  </array>
  <array name="atomtypes" >
   <dimension dim="1">type</dimension>
   <field type="int">atomspertype</field>
   <field type="string">element</field>
   <field>mass</field>
   <field>valence</field>
   <field type="string">pseudopotential</field>
   <set>
    <rc><c>   4</c><c>H </c><c>      1.00000000</c><c>      1.00000000</c><c>  PAW_PBE H 15Jun2001                   </c></rc>
    <rc><c>   1</c><c>C </c><c>     12.01100000</c><c>      4.00000000</c><c>  PAW_PBE C 08Apr2002                   </c></rc>
   </set>
  </array>
 </atominfo>
 <structure name="initialpos" >
  <crystal>
   <varray name="basis" >
    <v>      10.00000000       0.00000000       0.00000000 </v>
    <v>       0.00000000      10.00000000       0.00000000 </v>
    <v>       0.00000000       0.00000000      10.00000000 </v>
   </varray>
   <i name="volume">   1000.00000000 </i>
   <varray name="rec_basis" >
    <v>       0.10000000       0.00000000       0.00000000 </v>
    <v>       0.00000000       0.10000000       0.00000000 </v>
    <v>       0.00000000       0.00000000       0.10000000 </v>
   </varray>
  </crystal>
  <varray name="positions" >
   <v>       0.53815400       0.40686100       0.36057300 </v>
   <v>       0.39454000       0.48032100       0.43846900 </v>
   <v>       0.55209200       0.56545000       0.44270900 </v>
   <v>       0.52818500       0.41641500       0.53918300 </v>
   <v>       0.50325100       0.46725500       0.44523200 </v>
  </varray>
  <varray name="velocities" >
   <v>       0.00000000       0.00000000       0.00000000 </v>
   <v>       0.00000000       0.00000000       0.00000000 </v>
   <v>       0.00000000       0.00000000       0.00000000 </v>
   <v>       0.00000000       0.00000000       0.00000000 </v>
   <v>       0.00000000       0.00000000       0.00000000 </v>
  </varray>
 </structure>
 <calculation>
  <scstep>
   <time name="dav">    0.20    0.22</time>
   <time name="total">    0.34    0.37</time>
   <energy>
    <i name="alphaZ">      0.24225079 </i>
    <i name="ewald">    128.68319766 </i>
    <i name="hartreedc">   -243.96721208 </i>
    <i name="XCdc">     22.00908997 </i>
    <i name="pawpsdc">    117.05815612 </i>
    <i name="pawaedc">   -117.66307307 </i>
    <i name="eentropy">     -0.00000000 </i>
    <i name="bandstr">    -89.46043904 </i>
    <i name="atom">    197.04175453 </i>
    <i name="e_fr_energy">     13.94372489 </i>
    <i name="e_wo_entrp">     13.94372489 </i>
    <i name="e_0_energy">     13.94372489 </i>
   </energy>
  </scstep>
  <scstep>
   <time name="dav">    0.14    0.15</time>
   <time name="total">    0.14    0.15</time>
   <energy>
    <i name="e_fr_energy">    -22.98356168 </i>
    <i name="e_wo_entrp">    -22.98356168 </i>
    <i name="e_0_energy">    -22.98356168 </i>
   </energy>
  </scstep>
  <scstep>
   <time name="dav">    0.14    0.15</time>
   <time name="total">    0.14    0.15</time>
   <energy>
    <i name="e_fr_energy">    -27.37524316 </i>
    <i name="e_wo_entrp">    -27.37524316 </i>
    <i name="e_0_energy">    -27.37524316 </i>
   </energy>
  </scstep>
  <scstep>
   <time name="dav">    0.24    0.25</time>
   <time name="total">    0.24    0.25</time>
   <energy>
    <i name="e_fr_energy">    -27.55506651 </i>
    <i name="e_wo_entrp">    -27.55506651 </i>
    <i name="e_0_energy">    -27.55506651 </i>
   </energy>
  </scstep>
  <scstep>
   <time name="dav">    0.18    0.18</time>
   <time name="total">    0.21    0.21</time>
   <energy>
    <i name="e_fr_energy">    -27.55512394 </i>
    <i name="e_wo_entrp">    -27.55512394 </i>
    <i name="e_0_energy">    -27.55512394 </i>
   </energy>
  </scstep>
  <scstep>
   <time name="diag">    0.04    0.05</time>
   <time name="diis">    0.16    0.17</time>
   <time name="orth">    0.00    0.00</time>
   <time name="total">    0.37    0.38</time>
   <energy>
    <i name="e_fr_energy">    -24.66536972 </i>
    <i name="e_wo_entrp">    -24.66536972 </i>
    <i name="e_0_energy">    -24.66536972 </i>
   </energy>
  </scstep>
  <scstep>
   <time name="diag">    0.04    0.04</time>
   <time name="diis">    0.16    0.17</time>
   <time name="orth">    0.00    0.00</time>
   <time name="total">    0.36    0.36</time>
   <energy>
    <i name="e_fr_energy">    -24.17266466 </i>
    <i name="e_wo_entrp">    -24.17266466 </i>
    <i name="e_0_energy">    -24.17266466 </i>
   </energy>
  </scstep>
  <scstep>
   <time name="diag">    0.04    0.04</time>
   <time name="diis">    0.16    0.17</time>
   <time name="orth">    0.00    0.00</time>
   <time name="total">    0.36    0.37</time>
   <energy>
    <i name="e_fr_energy">    -24.02646290 </i>
    <i name="e_wo_entrp">    -24.02646290 </i>
    <i name="e_0_energy">    -24.02646290 </i>
   </energy>
  </scstep>
  <scstep>
   <time name="diag">    0.04    0.04</time>
   <time name="diis">    0.16    0.17</time>
   <time name="orth">    0.00    0.00</time>
   <time name="total">    0.36    0.37</time>
   <energy>
    <i name="e_fr_energy">    -24.02080215 </i>
    <i name="e_wo_entrp">    -24.02080215 </i>
    <i name="e_0_energy">    -24.02080215 </i>
   </energy>
  </scstep>
  <scstep>
   <time name="diag">    0.04    0.04</time>
   <time name="diis">    0.17    0.17</time>
   <time name="orth">    0.00    0.00</time>
   <time name="total">    0.36    0.36</time>
   <energy>
    <i name="e_fr_energy">    -24.01467259 </i>
    <i name="e_wo_entrp">    -24.01467259 </i>
    <i name="e_0_energy">    -24.01467259 </i>
   </energy>
  </scstep>
  <scstep>
   <time name="diag">    0.04    0.04</time>
   <time name="diis">    0.14    0.15</time>
   <time name="orth">    0.00    0.00</time>
   <time name="total">    0.34    0.35</time>
   <energy>
    <i name="e_fr_energy">    -24.01527370 </i>
    <i name="e_wo_entrp">    -24.01527370 </i>
    <i name="e_0_energy">    -24.01527370 </i>
   </energy>
  </scstep>
  <scstep>
   <time name="diag">    0.04    0.04</time>
   <time name="diis">    0.15    0.15</time>
   <time name="orth">    0.00    0.00</time>
   <time name="total">    0.33    0.34</time>
   <energy>
    <i name="e_fr_energy">    -24.02513134 </i>
    <i name="e_wo_entrp">    -24.02513134 </i>
    <i name="e_0_energy">    -24.02513134 </i>
   </energy>
  </scstep>
  <scstep>
   <time name="diag">    0.04    0.04</time>
   <time name="diis">    0.15    0.15</time>
   <time name="orth">    0.00    0.00</time>
   <time name="total">    0.34    0.35</time>
   <energy>
    <i name="e_fr_energy">    -24.02553131 </i>
    <i name="e_wo_entrp">    -24.02553131 </i>
    <i name="e_0_energy">    -24.02553131 </i>
   </energy>
  </scstep>
  <scstep>
   <time name="diag">    0.04    0.04</time>
   <time name="diis">    0.15    0.15</time>
   <time name="orth">    0.00    0.00</time>
   <time name="total">    0.33    0.34</time>
   <energy>
    <i name="e_fr_energy">    -24.02838005 </i>
    <i name="e_wo_entrp">    -24.02838005 </i>
    <i name="e_0_energy">    -24.02838005 </i>
   </energy>
  </scstep>
  <scstep>
   <time name="diag">    0.09    0.09</time>
   <time name="diis">    0.15    0.16</time>
   <time name="orth">    0.00    0.00</time>
   <time name="total">    0.39    0.40</time>
   <energy>
    <i name="e_fr_energy">    -24.02854974 </i>
    <i name="e_wo_entrp">    -24.02854974 </i>
    <i name="e_0_energy">    -24.02854974 </i>
   </energy>
  </scstep>
  <scstep>
   <time name="diag">    0.04    0.04</time>
   <time name="diis">    0.15    0.15</time>
   <time name="orth">    0.00    0.00</time>
   <time name="total">    0.33    0.34</time>
   <energy>
    <i name="e_fr_energy">    -24.02876453 </i>
    <i name="e_wo_entrp">    -24.02876453 </i>
    <i name="e_0_energy">    -24.02876453 </i>
   </energy>
  </scstep>
  <scstep>
   <time name="diag">    0.04    0.04</time>
   <time name="diis">    0.15    0.15</time>
   <time name="orth">    0.00    0.00</time>
   <time name="total">    0.34    0.35</time>
   <energy>
    <i name="e_fr_energy">    -24.02877073 </i>
    <i name="e_wo_entrp">    -24.02877073 </i>
    <i name="e_0_energy">    -24.02877073 </i>
   </energy>
  </scstep>
  <scstep>
   <time name="diag">    0.04    0.04</time>
   <time name="diis">    0.15    0.15</time>
   <time name="orth">    0.00    0.00</time>
   <time name="total">    0.34    0.35</time>
   <energy>
    <i name="e_fr_energy">    -24.02878737 </i>
    <i name="e_wo_entrp">    -24.02878737 </i>
    <i name="e_0_energy">    -24.02878737 </i>
   </energy>
  </scstep>
  <scstep>
   <time name="diag">    0.04    0.04</time>
   <time name="diis">    0.12    0.12</time>
   <time name="orth">    0.00    0.00</time>
   <time name="total">    0.30    0.32</time>
   <energy>
    <i name="e_fr_energy">    -24.02878875 </i>
    <i name="e_wo_entrp">    -24.02878875 </i>
    <i name="e_0_energy">    -24.02878875 </i>
   </energy>
  </scstep>
  <scstep>
   <time name="diag">    0.04    0.04</time>
   <time name="diis">    0.11    0.12</time>
   <time name="orth">    0.00    0.00</time>
   <time name="total">    0.30    0.31</time>
   <energy>
    <i name="e_fr_energy">    -24.02879005 </i>
    <i name="e_wo_entrp">    -24.02879005 </i>
    <i name="e_0_energy">    -24.02879005 </i>
   </energy>
  </scstep>
  <scstep>
   <time name="diag">    0.04    0.04</time>
   <time name="diis">    0.12    0.12</time>
   <time name="orth">    0.00    0.00</time>
   <time name="total">    0.29    0.29</time>
   <energy>
    <i name="alphaZ">      0.24225079 </i>
    <i name="ewald">    128.68319766 </i>
    <i name="hartreedc">   -284.47658876 </i>
    <i name="XCdc">     24.74087926 </i>
    <i name="pawpsdc">    466.67620775 </i>
    <i name="pawaedc">   -467.46334555 </i>
    <i name="eentropy">     -0.00000000 </i>
    <i name="bandstr">    -89.47314590 </i>
    <i name="atom">    197.04175453 </i>
    <i name="e_fr_energy">    -24.02879021 </i>
    <i name="e_wo_entrp">    -24.02879021 </i>
    <i name="e_0_energy">    -24.02879021 </i>
   </energy>
  </scstep>
  <structure>
   <crystal>
    <varray name="basis" >
     <v>      10.00000000       0.00000000       0.00000000 </v>
     <v>       0.00000000      10.00000000       0.00000000 </v>
     <v>       0.00000000       0.00000000      10.00000000 </v>
    </varray>
    <i name="volume">   1000.00000000 </i>
    <varray name="rec_basis" >
     <v>       0.10000000       0.00000000       0.00000000 </v>
     <v>       0.00000000       0.10000000       0.00000000 </v>
     <v>       0.00000000       0.00000000       0.10000000 </v>
    </varray>
   </crystal>
   <varray name="positions" >
    <v>       0.53815400       0.40686100       0.36057300 </v>
    <v>       0.39454000       0.48032100       0.43846900 </v>
    <v>       0.55209200       0.56545000       0.44270900 </v>
    <v>       0.52818500       0.41641500       0.53918300 </v>
    <v>       0.50325100       0.46725500       0.44523200 </v>
   </varray>
  </structure>
  <varray name="forces" >
   <v>       0.00073167      -0.00079824      -0.00077735 </v>
   <v>       0.00091508      -0.00046447      -0.00011772 </v>
   <v>       0.00011577      -0.00071091      -0.00008629 </v>
   <v>       0.00066291      -0.00069150       0.00044016 </v>
   <v>      -0.00288222       0.00226675       0.00053961 </v>
  </varray>
  <varray name="stress" >
   <v>      -0.61971470      -0.00064859      -0.00041026 </v>
   <v>      -0.00064859      -0.61866723       0.00046995 </v>
   <v>      -0.00041026       0.00046995      -0.61805089 </v>
  </varray>
  <energy>
   <i name="e_fr_energy">    -24.02879021 </i>
   <i name="e_wo_entrp">    -24.02879021 </i>
   <i name="e_0_energy">     -0.00000000 </i>
   <i name="kinetic">      0.00000000 </i>
   <i name="lattice kinetic">      0.00000000 </i>
   <i name="nosepot">      0.00000000 </i>
   <i name="nosekinetic">      0.00000000 </i>
   <i name="total">    -24.02879021 </i>
  </energy>
  <time name="totalsc">    7.04    7.27</time>
 </calculation>
 <calculation>
  <scstep>
   <time name="dav">    0.14    0.15</time>
   <time name="total">    0.30    0.31</time>
   <energy>
    <i name="alphaZ">      0.24225079 </i>
    <i name="ewald">    128.68311560 </i>
    <i name="hartreedc">   -284.47728459 </i>
    <i name="XCdc">     24.74092065 </i>
    <i name="pawpsdc">    466.67693745 </i>
    <i name="pawaedc">   -467.46408024 </i>
    <i name="eentropy">     -0.00000000 </i>
    <i name="bandstr">    -89.47240442 </i>
    <i name="atom">    197.04175453 </i>
    <i name="e_fr_energy">    -24.02879023 </i>
    <i name="e_wo_entrp">    -24.02879023 </i>
    <i name="e_0_energy">    -24.02879023 </i>
   </energy>
  </scstep>
  <scstep>
   <time name="diag">    0.04    0.04</time>
   <time name="diis">    0.10    0.10</time>
   <time name="orth">    0.00    0.00</time>
   <time name="total">    0.30    0.30</time>
   <energy>
    <i name="e_fr_energy">    -24.02879026 </i>
    <i name="e_wo_entrp">    -24.02879026 </i>
    <i name="e_0_energy">    -24.02879026 </i>
   </energy>
  </scstep>
  <scstep>
   <time name="diag">    0.04    0.04</time>
   <time name="diis">    0.12    0.12</time>
   <time name="orth">    0.00    0.00</time>
   <time name="total">    0.32    0.33</time>
   <energy>
    <i name="e_fr_energy">    -24.02879035 </i>
    <i name="e_wo_entrp">    -24.02879035 </i>
    <i name="e_0_energy">    -24.02879035 </i>
   </energy>
  </scstep>
  <scstep>
   <time name="diag">    0.04    0.04</time>
   <time name="diis">    0.10    0.10</time>
   <time name="orth">    0.00    0.00</time>
   <time name="total">    0.27    0.27</time>
   <energy>
    <i name="alphaZ">      0.24225079 </i>
    <i name="ewald">    128.68311560 </i>
    <i name="hartreedc">   -284.47979079 </i>
    <i name="XCdc">     24.74103243 </i>
    <i name="pawpsdc">    466.67189219 </i>
    <i name="pawaedc">   -467.45906708 </i>
    <i name="eentropy">     -0.00000000 </i>
    <i name="bandstr">    -89.46997801 </i>
    <i name="atom">    197.04175453 </i>
    <i name="e_fr_energy">    -24.02879034 </i>
    <i name="e_wo_entrp">    -24.02879034 </i>
    <i name="e_0_energy">    -24.02879034 </i>
   </energy>
  </scstep>
  <structure>
   <crystal>
    <varray name="basis" >
     <v>      10.00000000       0.00000000       0.00000000 </v>
     <v>       0.00000000      10.00000000       0.00000000 </v>
     <v>       0.00000000       0.00000000      10.00000000 </v>
    </varray>
    <i name="volume">   1000.00000000 </i>
    <varray name="rec_basis" >
     <v>       0.10000000       0.00000000       0.00000000 </v>
     <v>       0.00000000       0.10000000       0.00000000 </v>
     <v>       0.00000000       0.00000000       0.10000000 </v>
    </varray>
   </crystal>
   <varray name="positions" >
    <v>       0.53815418       0.40686081       0.36057281 </v>
    <v>       0.39454023       0.48032089       0.43846897 </v>
    <v>       0.55209203       0.56544983       0.44270898 </v>
    <v>       0.52818517       0.41641484       0.53918311 </v>
    <v>       0.50325095       0.46725505       0.44523201 </v>
   </varray>
  </structure>
  <varray name="forces" >
   <v>       0.00073514      -0.00081025      -0.00079660 </v>
   <v>       0.00068553      -0.00043590      -0.00012901 </v>
   <v>       0.00019544      -0.00053758      -0.00008908 </v>
   <v>       0.00067058      -0.00071766       0.00049692 </v>
   <v>      -0.00274643       0.00210500       0.00051748 </v>
  </varray>
  <varray name="stress" >
   <v>      -0.62121336      -0.00058327      -0.00037827 </v>
   <v>      -0.00058327      -0.62032998       0.00043278 </v>
   <v>      -0.00037826       0.00043278      -0.61991149 </v>
  </varray>
  <energy>
   <i name="e_fr_energy">    -24.02879034 </i>
   <i name="e_wo_entrp">    -24.02879034 </i>
   <i name="e_0_energy">     -0.00000000 </i>
   <i name="kinetic">      0.00000001 </i>
   <i name="lattice kinetic">      0.00000000 </i>
   <i name="nosepot">      0.00000000 </i>
   <i name="nosekinetic">      0.00000000 </i>
   <i name="total">    -24.02879033 </i>
  </energy>
  <time name="totalsc">    1.74    1.77</time>
 </calculation>
 <calculation>
  <scstep>
   <time name="dav">    0.14    0.14</time>
   <time name="total">    0.30    0.30</time>
   <energy>
    <i name="alphaZ">      0.24225079 </i>
    <i name="ewald">    128.68288010 </i>
    <i name="hartreedc">   -284.48411863 </i>
    <i name="XCdc">     24.74121734 </i>
    <i name="pawpsdc">    466.66021854 </i>
    <i name="pawaedc">   -467.44745629 </i>
    <i name="eentropy">     -0.00000000 </i>
    <i name="bandstr">    -89.46553678 </i>
    <i name="atom">    197.04175453 </i>
    <i name="e_fr_energy">    -24.02879040 </i>
    <i name="e_wo_entrp">    -24.02879040 </i>
    <i name="e_0_energy">    -24.02879040 </i>
   </energy>
  </scstep>
  <scstep>
   <time name="diag">    0.04    0.04</time>
   <time name="diis">    0.12    0.12</time>
   <time name="orth">    0.00    0.00</time>
   <time name="total">    0.31    0.32</time>
   <energy>
    <i name="e_fr_energy">    -24.02879019 </i>
    <i name="e_wo_entrp">    -24.02879019 </i>
    <i name="e_0_energy">    -24.02879019 </i>
   </energy>
  </scstep>
  <scstep>
   <time name="diag">    0.04    0.04</time>
   <time name="diis">    0.12    0.12</time>
   <time name="orth">    0.00    0.00</time>
   <time name="total">    0.32    0.32</time>
   <energy>
    <i name="e_fr_energy">    -24.02879031 </i>
    <i name="e_wo_entrp">    -24.02879031 </i>
    <i name="e_0_energy">    -24.02879031 </i>
   </energy>
  </scstep>
  <scstep>
   <time name="diag">    0.04    0.04</time>
   <time name="diis">    0.11    0.11</time>
   <time name="orth">    0.00    0.00</time>
   <time name="total">    0.29    0.29</time>
   <energy>
    <i name="alphaZ">      0.24225079 </i>
    <i name="ewald">    128.68288010 </i>
    <i name="hartreedc">   -284.47780733 </i>
    <i name="XCdc">     24.74094693 </i>
    <i name="pawpsdc">    466.67155255 </i>
    <i name="pawaedc">   -467.45870153 </i>
    <i name="eentropy">     -0.00000000 </i>
    <i name="bandstr">    -89.47166638 </i>
    <i name="atom">    197.04175453 </i>
    <i name="e_fr_energy">    -24.02879034 </i>
    <i name="e_wo_entrp">    -24.02879034 </i>
    <i name="e_0_energy">    -24.02879034 </i>
   </energy>
  </scstep>
  <structure>
   <crystal>
    <varray name="basis" >
     <v>      10.00000000       0.00000000       0.00000000 </v>
     <v>       0.00000000      10.00000000       0.00000000 </v>
     <v>       0.00000000       0.00000000      10.00000000 </v>
    </varray>
    <i name="volume">   1000.00000000 </i>
    <varray name="rec_basis" >
     <v>       0.10000000       0.00000000       0.00000000 </v>
     <v>       0.00000000       0.10000000       0.00000000 </v>
     <v>       0.00000000       0.00000000       0.10000000 </v>
    </varray>
   </crystal>
   <varray name="positions" >
    <v>       0.53815455       0.40686044       0.36057243 </v>
    <v>       0.39454063       0.48032069       0.43846891 </v>
    <v>       0.55209212       0.56544955       0.44270894 </v>
    <v>       0.52818550       0.41641451       0.53918333 </v>
    <v>       0.50325085       0.46725515       0.44523203 </v>
   </varray>
  </structure>
  <varray name="forces" >
   <v>       0.00060136      -0.00058745      -0.00049059 </v>
   <v>       0.00070884      -0.00043579      -0.00012317 </v>
   <v>       0.00014304      -0.00062410      -0.00008437 </v>
   <v>       0.00058719      -0.00056211       0.00022204 </v>
   <v>      -0.00249414       0.00181031       0.00047518 </v>
  </varray>
  <varray name="stress" >
   <v>      -0.61957904      -0.00046281      -0.00032641 </v>
   <v>      -0.00046281      -0.61897383       0.00037235 </v>
   <v>      -0.00032640       0.00037234      -0.61890467 </v>
  </varray>
  <energy>
   <i name="e_fr_energy">    -24.02879034 </i>
   <i name="e_wo_entrp">    -24.02879034 </i>
   <i name="e_0_energy">     -0.00000000 </i>
   <i name="kinetic">      0.00000004 </i>
   <i name="lattice kinetic">      0.00000000 </i>
   <i name="nosepot">      0.00000000 </i>
   <i name="nosekinetic">      0.00000000 </i>
   <i name="total">    -24.02879031 </i>
  </energy>
  <time name="totalsc">    1.77    1.79</time>
 </calculation>
 <calculation>
  <scstep>
   <time name="dav">    0.19    0.19</time>
   <time name="total">    0.34    0.35</time>
   <energy>
    <i name="alphaZ">      0.24225079 </i>
    <i name="ewald">    128.68261110 </i>
    <i name="hartreedc">   -284.48019258 </i>
    <i name="XCdc">     24.74105257 </i>
    <i name="pawpsdc">    466.66454030 </i>
    <i name="pawaedc">   -467.45172215 </i>
    <i name="eentropy">     -0.00000000 </i>
    <i name="bandstr">    -89.46908452 </i>
    <i name="atom">    197.04175453 </i>
    <i name="e_fr_energy">    -24.02878996 </i>
    <i name="e_wo_entrp">    -24.02878996 </i>
    <i name="e_0_energy">    -24.02878996 </i>
   </energy>
  </scstep>
  <scstep>
   <time name="diag">    0.04    0.04</time>
   <time name="diis">    0.10    0.10</time>
   <time name="orth">    0.00    0.00</time>
   <time name="total">    0.29    0.30</time>
   <energy>
    <i name="e_fr_energy">    -24.02879009 </i>
    <i name="e_wo_entrp">    -24.02879009 </i>
    <i name="e_0_energy">    -24.02879009 </i>
   </energy>
  </scstep>
  <scstep>
   <time name="diag">    0.04    0.04</time>
   <time name="diis">    0.12    0.12</time>
   <time name="orth">    0.00    0.00</time>
   <time name="total">    0.32    0.32</time>
   <energy>
    <i name="e_fr_energy">    -24.02879035 </i>
    <i name="e_wo_entrp">    -24.02879035 </i>
    <i name="e_0_energy">    -24.02879035 </i>
   </energy>
  </scstep>
  <scstep>
   <time name="diag">    0.04    0.04</time>
   <time name="diis">    0.11    0.11</time>
   <time name="orth">    0.00    0.00</time>
   <time name="total">    0.29    0.30</time>
   <energy>
    <i name="alphaZ">      0.24225079 </i>
    <i name="ewald">    128.68261110 </i>
    <i name="hartreedc">   -284.47707267 </i>
    <i name="XCdc">     24.74090780 </i>
    <i name="pawpsdc">    466.66929900 </i>
    <i name="pawaedc">   -467.45644330 </i>
    <i name="eentropy">     -0.00000000 </i>
    <i name="bandstr">    -89.47209758 </i>
    <i name="atom">    197.04175453 </i>
    <i name="e_fr_energy">    -24.02879033 </i>
    <i name="e_wo_entrp">    -24.02879033 </i>
    <i name="e_0_energy">    -24.02879033 </i>
   </energy>
  </scstep>
  <structure>
   <crystal>
    <varray name="basis" >
     <v>      10.00000000       0.00000000       0.00000000 </v>
     <v>       0.00000000      10.00000000       0.00000000 </v>
     <v>       0.00000000       0.00000000      10.00000000 </v>
    </varray>
    <i name="volume">   1000.00000000 </i>
    <varray name="rec_basis" >
     <v>       0.10000000       0.00000000       0.00000000 </v>
     <v>       0.00000000       0.10000000       0.00000000 </v>
     <v>       0.00000000       0.00000000       0.10000000 </v>
    </varray>
   </crystal>
   <varray name="positions" >
    <v>       0.53815507       0.40685993       0.36057193 </v>
    <v>       0.39454121       0.48032038       0.43846882 </v>
    <v>       0.55209225       0.56544911       0.44270887 </v>
    <v>       0.52818599       0.41641405       0.53918361 </v>
    <v>       0.50325071       0.46725529       0.44523206 </v>
   </varray>
  </structure>
  <varray name="forces" >
   <v>       0.00046336      -0.00036181      -0.00018643 </v>
   <v>       0.00058251      -0.00041560      -0.00012359 </v>
   <v>       0.00013581      -0.00060573      -0.00008020 </v>
   <v>       0.00050285      -0.00041273      -0.00002805 </v>
   <v>      -0.00213703       0.00140565       0.00041982 </v>
  </varray>
  <varray name="stress" >
   <v>      -0.61863049      -0.00030580      -0.00025501 </v>
   <v>      -0.00030580      -0.61842153       0.00028988 </v>
   <v>      -0.00025501       0.00028988      -0.61882975 </v>
  </varray>
  <energy>
   <i name="e_fr_energy">    -24.02879033 </i>
   <i name="e_wo_entrp">    -24.02879033 </i>
   <i name="e_0_energy">     -0.00000000 </i>
   <i name="kinetic">      0.00000006 </i>
   <i name="lattice kinetic">      0.00000000 </i>
   <i name="nosepot">      0.00000000 </i>
   <i name="nosekinetic">      0.00000000 </i>
   <i name="total">    -24.02879027 </i>
  </energy>
  <time name="totalsc">    1.86    1.88</time>
 </calculation>
 <calculation>
  <scstep>
   <time name="dav">    0.15    0.15</time>
   <time name="total">    0.30    0.31</time>
   <energy>
    <i name="alphaZ">      0.24225079 </i>
    <i name="ewald">    128.68238805 </i>
    <i name="hartreedc">   -284.47910041 </i>
    <i name="XCdc">     24.74097550 </i>
    <i name="pawpsdc">    466.66392304 </i>
    <i name="pawaedc">   -467.45110753 </i>
    <i name="eentropy">     -0.00000000 </i>
    <i name="bandstr">    -89.46987437 </i>
    <i name="atom">    197.04175453 </i>
    <i name="e_fr_energy">    -24.02879039 </i>
    <i name="e_wo_entrp">    -24.02879039 </i>
    <i name="e_0_energy">    -24.02879039 </i>
   </energy>
  </scstep>
  <scstep>
   <time name="diag">    0.04    0.04</time>
   <time name="diis">    0.10    0.10</time>
   <time name="orth">    0.00    0.00</time>
   <time name="total">    0.29    0.29</time>
   <energy>
    <i name="e_fr_energy">    -24.02879039 </i>
    <i name="e_wo_entrp">    -24.02879039 </i>
    <i name="e_0_energy">    -24.02879039 </i>
   </energy>
  </scstep>
  <scstep>
   <time name="diag">    0.04    0.04</time>
   <time name="diis">    0.12    0.12</time>
   <time name="orth">    0.00    0.00</time>
   <time name="total">    0.31    0.32</time>
   <energy>
    <i name="e_fr_energy">    -24.02879042 </i>
    <i name="e_wo_entrp">    -24.02879042 </i>
    <i name="e_0_energy">    -24.02879042 </i>
   </energy>
  </scstep>
  <scstep>
   <time name="diag">    0.04    0.04</time>
   <time name="diis">    0.10    0.10</time>
   <time name="orth">    0.00    0.00</time>
   <time name="total">    0.29    0.29</time>
   <energy>
    <i name="alphaZ">      0.24225079 </i>
    <i name="ewald">    128.68238805 </i>
    <i name="hartreedc">   -284.47692378 </i>
    <i name="XCdc">     24.74090139 </i>
    <i name="pawpsdc">    466.66683922 </i>
    <i name="pawaedc">   -467.45398242 </i>
    <i name="eentropy">     -0.00000000 </i>
    <i name="bandstr">    -89.47201820 </i>
    <i name="atom">    197.04175453 </i>
    <i name="e_fr_energy">    -24.02879042 </i>
    <i name="e_wo_entrp">    -24.02879042 </i>
    <i name="e_0_energy">    -24.02879042 </i>
   </energy>
  </scstep>
  <structure>
   <crystal>
    <varray name="basis" >
     <v>      10.00000000       0.00000000       0.00000000 </v>
     <v>       0.00000000      10.00000000       0.00000000 </v>
     <v>       0.00000000       0.00000000      10.00000000 </v>
    </varray>
    <i name="volume">   1000.00000000 </i>
    <varray name="rec_basis" >
     <v>       0.10000000       0.00000000       0.00000000 </v>
     <v>       0.00000000       0.10000000       0.00000000 </v>
     <v>       0.00000000       0.00000000       0.10000000 </v>
    </varray>
   </crystal>
   <varray name="positions" >
    <v>       0.53815571       0.40685933       0.36057139 </v>
    <v>       0.39454193       0.48031999       0.43846870 </v>
    <v>       0.55209242       0.56544854       0.44270879 </v>
    <v>       0.52818660       0.41641350       0.53918388 </v>
    <v>       0.50325053       0.46725547       0.44523210 </v>
   </varray>
  </structure>
  <varray name="forces" >
   <v>       0.00036736      -0.00021904       0.00000220 </v>
   <v>       0.00020445      -0.00036205      -0.00013791 </v>
   <v>       0.00022818      -0.00036716      -0.00008181 </v>
   <v>       0.00045038      -0.00034425      -0.00012913 </v>
   <v>      -0.00171707       0.00089540       0.00034113 </v>
  </varray>
  <varray name="stress" >
   <v>      -0.61867611      -0.00010118      -0.00016665 </v>
   <v>      -0.00010117      -0.61891443       0.00018358 </v>
   <v>      -0.00016665       0.00018358      -0.61990276 </v>
  </varray>
  <energy>
   <i name="e_fr_energy">    -24.02879042 </i>
   <i name="e_wo_entrp">    -24.02879042 </i>
   <i name="e_0_energy">     -0.00000000 </i>
   <i name="kinetic">      0.00000009 </i>
   <i name="lattice kinetic">      0.00000000 </i>
   <i name="nosepot">      0.00000000 </i>
   <i name="nosekinetic">      0.00000000 </i>
   <i name="total">    -24.02879033 </i>
  </energy>
  <time name="totalsc">    1.75    1.76</time>
 </calculation>
 <calculation>
  <scstep>
   <time name="dav">    0.17    0.17</time>
   <time name="total">    0.33    0.33</time>
   <energy>
    <i name="alphaZ">      0.24225079 </i>
    <i name="ewald">    128.68217559 </i>
    <i name="hartreedc">   -284.47574068 </i>
    <i name="XCdc">     24.74085311 </i>
    <i name="pawpsdc">    466.66396348 </i>
    <i name="pawaedc">   -467.45109003 </i>
    <i name="eentropy">     -0.00000000 </i>
    <i name="bandstr">    -89.47295703 </i>
    <i name="atom">    197.04175453 </i>
    <i name="e_fr_energy">    -24.02879024 </i>
    <i name="e_wo_entrp">    -24.02879024 </i>
    <i name="e_0_energy">    -24.02879024 </i>
   </energy>
  </scstep>
  <scstep>
   <time name="diag">    0.04    0.04</time>
   <time name="diis">    0.11    0.12</time>
   <time name="orth">    0.00    0.00</time>
   <time name="total">    0.31    0.31</time>
   <energy>
    <i name="e_fr_energy">    -24.02879027 </i>
    <i name="e_wo_entrp">    -24.02879027 </i>
    <i name="e_0_energy">    -24.02879027 </i>
   </energy>
  </scstep>
  <scstep>
   <time name="diag">    0.04    0.04</time>
   <time name="diis">    0.12    0.12</time>
   <time name="orth">    0.00    0.00</time>
   <time name="total">    0.31    0.31</time>
   <energy>
    <i name="e_fr_energy">    -24.02879034 </i>
    <i name="e_wo_entrp">    -24.02879034 </i>
    <i name="e_0_energy">    -24.02879034 </i>
   </energy>
  </scstep>
  <scstep>
   <time name="diag">    0.04    0.04</time>
   <time name="diis">    0.10    0.10</time>
   <time name="orth">    0.00    0.00</time>
   <time name="total">    0.28    0.28</time>
   <energy>
    <i name="alphaZ">      0.24225079 </i>
    <i name="ewald">    128.68217559 </i>
    <i name="hartreedc">   -284.47793815 </i>
    <i name="XCdc">     24.74094026 </i>
    <i name="pawpsdc">    466.66082317 </i>
    <i name="pawaedc">   -467.44798275 </i>
    <i name="eentropy">     -0.00000000 </i>
    <i name="bandstr">    -89.47081383 </i>
    <i name="atom">    197.04175453 </i>
    <i name="e_fr_energy">    -24.02879038 </i>
    <i name="e_wo_entrp">    -24.02879038 </i>
    <i name="e_0_energy">    -24.02879038 </i>
   </energy>
  </scstep>
  <structure>
   <crystal>
    <varray name="basis" >
     <v>      10.00000000       0.00000000       0.00000000 </v>
     <v>       0.00000000      10.00000000       0.00000000 </v>
     <v>       0.00000000       0.00000000      10.00000000 </v>
    </varray>
    <i name="volume">   1000.00000000 </i>
    <varray name="rec_basis" >
     <v>       0.10000000       0.00000000       0.00000000 </v>
     <v>       0.00000000       0.10000000       0.00000000 </v>
     <v>       0.00000000       0.00000000       0.10000000 </v>
    </varray>
   </crystal>
   <varray name="positions" >
    <v>       0.53815644       0.40685869       0.36057085 </v>
    <v>       0.39454271       0.48031951       0.43846855 </v>
    <v>       0.55209266       0.56544788       0.44270869 </v>
    <v>       0.52818733       0.41641287       0.53918413 </v>
    <v>       0.50325032       0.46725567       0.44523215 </v>
   </varray>
  </structure>
  <varray name="forces" >
   <v>       0.00025941      -0.00005650       0.00021007 </v>
   <v>      -0.00019772      -0.00030658      -0.00015083 </v>
   <v>       0.00032545      -0.00011509      -0.00008087 </v>
   <v>       0.00038978      -0.00026072      -0.00024131 </v>
   <v>      -0.00123921       0.00034546       0.00025896 </v>
  </varray>
  <varray name="stress" >
   <v>      -0.61886365       0.00012045      -0.00007308 </v>
   <v>       0.00012046      -0.61961834       0.00007629 </v>
   <v>      -0.00007308       0.00007629      -0.62123423 </v>
  </varray>
  <energy>
   <i name="e_fr_energy">    -24.02879038 </i>
   <i name="e_wo_entrp">    -24.02879038 </i>
   <i name="e_0_energy">     -0.00000000 </i>
   <i name="kinetic">      0.00000010 </i>
   <i name="lattice kinetic">      0.00000000 </i>
   <i name="nosepot">      0.00000000 </i>
   <i name="nosekinetic">      0.00000000 </i>
   <i name="total">    -24.02879028 </i>
  </energy>
  <time name="totalsc">    1.78    1.79</time>
 </calculation>
 <calculation>
  <scstep>
   <time name="dav">    0.14    0.14</time>
   <time name="total">    0.30    0.30</time>
   <energy>
    <i name="alphaZ">      0.24225079 </i>
    <i name="ewald">    128.68193967 </i>
    <i name="hartreedc">   -284.48095747 </i>
    <i name="XCdc">     24.74105017 </i>
    <i name="pawpsdc">    466.64534599 </i>
    <i name="pawaedc">   -467.43255547 </i>
    <i name="eentropy">     -0.00000000 </i>
    <i name="bandstr">    -89.46761874 </i>
    <i name="atom">    197.04175453 </i>
    <i name="e_fr_energy">    -24.02879054 </i>
    <i name="e_wo_entrp">    -24.02879053 </i>
    <i name="e_0_energy">    -24.02879053 </i>
   </energy>
  </scstep>
  <scstep>
   <time name="diag">    0.04    0.04</time>
   <time name="diis">    0.12    0.12</time>
   <time name="orth">    0.00    0.00</time>
   <time name="total">    0.31    0.32</time>
   <energy>
    <i name="e_fr_energy">    -24.02879040 </i>
    <i name="e_wo_entrp">    -24.02879040 </i>
    <i name="e_0_energy">    -24.02879040 </i>
   </energy>
  </scstep>
  <scstep>
   <time name="diag">    0.04    0.04</time>
   <time name="diis">    0.12    0.12</time>
   <time name="orth">    0.00    0.00</time>
   <time name="total">    0.32    0.32</time>
   <energy>
    <i name="e_fr_energy">    -24.02879043 </i>
    <i name="e_wo_entrp">    -24.02879043 </i>
    <i name="e_0_energy">    -24.02879043 </i>
   </energy>
  </scstep>
  <scstep>
   <time name="diag">    0.04    0.04</time>
   <time name="diis">    0.10    0.10</time>
   <time name="orth">    0.00    0.00</time>
   <time name="total">    0.27    0.27</time>
   <energy>
    <i name="alphaZ">      0.24225079 </i>
    <i name="ewald">    128.68193967 </i>
    <i name="hartreedc">   -284.47729678 </i>
    <i name="XCdc">     24.74091453 </i>
    <i name="pawpsdc">    466.66414572 </i>
    <i name="pawaedc">   -467.45129769 </i>
    <i name="eentropy">     -0.00000000 </i>
    <i name="bandstr">    -89.47120121 </i>
    <i name="atom">    197.04175453 </i>
    <i name="e_fr_energy">    -24.02879043 </i>
    <i name="e_wo_entrp">    -24.02879043 </i>
    <i name="e_0_energy">    -24.02879043 </i>
   </energy>
  </scstep>
  <structure>
   <crystal>
    <varray name="basis" >
     <v>      10.00000000       0.00000000       0.00000000 </v>
     <v>       0.00000000      10.00000000       0.00000000 </v>
     <v>       0.00000000       0.00000000      10.00000000 </v>
    </varray>
    <i name="volume">   1000.00000000 </i>
    <varray name="rec_basis" >
     <v>       0.10000000       0.00000000       0.00000000 </v>
     <v>       0.00000000       0.10000000       0.00000000 </v>
     <v>       0.00000000       0.00000000       0.10000000 </v>
    </varray>
   </crystal>
   <varray name="positions" >
    <v>       0.53815725       0.40685805       0.36057036 </v>
    <v>       0.39454345       0.48031896       0.43846836 </v>
    <v>       0.55209297       0.56544720       0.44270857 </v>
    <v>       0.52818815       0.41641219       0.53918431 </v>
    <v>       0.50325010       0.46725588       0.44523220 </v>
   </varray>
  </structure>
  <varray name="forces" >
   <v>       0.00010219       0.00018682       0.00052648 </v>
   <v>      -0.00045227      -0.00026278      -0.00015208 </v>
   <v>       0.00035189       0.00001062      -0.00007508 </v>
   <v>       0.00029065      -0.00010688      -0.00047348 </v>
   <v>      -0.00074367      -0.00022222       0.00017437 </v>
  </varray>
  <varray name="stress" >
   <v>      -0.61833840       0.00033967       0.00001772 </v>
   <v>       0.00033967      -0.61958735      -0.00003164 </v>
   <v>       0.00001772      -0.00003164      -0.62183623 </v>
  </varray>
  <energy>
   <i name="e_fr_energy">    -24.02879043 </i>
   <i name="e_wo_entrp">    -24.02879043 </i>
   <i name="e_0_energy">     -0.00000000 </i>
   <i name="kinetic">      0.00000011 </i>
   <i name="lattice kinetic">      0.00000000 </i>
   <i name="nosepot">      0.00000000 </i>
   <i name="nosekinetic">      0.00000000 </i>
   <i name="total">    -24.02879033 </i>
  </energy>
  <time name="totalsc">    1.75    1.76</time>
 </calculation>
 <calculation>
  <scstep>
   <time name="dav">    0.15    0.15</time>
   <time name="total">    0.31    0.31</time>
   <energy>
    <i name="alphaZ">      0.24225079 </i>
    <i name="ewald">    128.68172801 </i>
    <i name="hartreedc">   -284.47731214 </i>
    <i name="XCdc">     24.74095652 </i>
    <i name="pawpsdc">    466.68993409 </i>
    <i name="pawaedc">   -467.47706891 </i>
    <i name="eentropy">     -0.00000000 </i>
    <i name="bandstr">    -89.47103320 </i>
    <i name="atom">    197.04175453 </i>
    <i name="e_fr_energy">    -24.02879031 </i>
    <i name="e_wo_entrp">    -24.02879031 </i>
    <i name="e_0_energy">    -24.02879031 </i>
   </energy>
  </scstep>
  <scstep>
   <time name="diag">    0.04    0.04</time>
   <time name="diis">    0.10    0.10</time>
   <time name="orth">    0.00    0.00</time>
   <time name="total">    0.30    0.30</time>
   <energy>
    <i name="e_fr_energy">    -24.02879036 </i>
    <i name="e_wo_entrp">    -24.02879036 </i>
    <i name="e_0_energy">    -24.02879036 </i>
   </energy>
  </scstep>
  <scstep>
   <time name="diag">    0.04    0.04</time>
   <time name="diis">    0.10    0.10</time>
   <time name="orth">    0.00    0.00</time>
   <time name="total">    0.30    0.30</time>
   <energy>
    <i name="e_fr_energy">    -24.02879041 </i>
    <i name="e_wo_entrp">    -24.02879041 </i>
    <i name="e_0_energy">    -24.02879041 </i>
   </energy>
  </scstep>
  <scstep>
   <time name="diag">    0.04    0.04</time>
   <time name="diis">    0.10    0.10</time>
   <time name="orth">    0.00    0.00</time>
   <time name="total">    0.28    0.28</time>
   <energy>
    <i name="alphaZ">      0.24225079 </i>
    <i name="ewald">    128.68172801 </i>
    <i name="hartreedc">   -284.47762945 </i>
    <i name="XCdc">     24.74091996 </i>
    <i name="pawpsdc">    466.66685183 </i>
    <i name="pawaedc">   -467.45401283 </i>
    <i name="eentropy">     -0.00000000 </i>
    <i name="bandstr">    -89.47065327 </i>
    <i name="atom">    197.04175453 </i>
    <i name="e_fr_energy">    -24.02879043 </i>
    <i name="e_wo_entrp">    -24.02879043 </i>
    <i name="e_0_energy">    -24.02879043 </i>
   </energy>
  </scstep>
  <structure>
   <crystal>
    <varray name="basis" >
     <v>      10.00000000       0.00000000       0.00000000 </v>
     <v>       0.00000000      10.00000000       0.00000000 </v>
     <v>       0.00000000       0.00000000      10.00000000 </v>
    </varray>
    <i name="volume">   1000.00000000 </i>
    <varray name="rec_basis" >
     <v>       0.10000000       0.00000000       0.00000000 </v>
     <v>       0.00000000       0.10000000       0.00000000 </v>
     <v>       0.00000000       0.00000000       0.10000000 </v>
    </varray>
   </crystal>
   <varray name="positions" >
    <v>       0.53815808       0.40685745       0.36056999 </v>
    <v>       0.39454409       0.48031835       0.43846814 </v>
    <v>       0.55209338       0.56544653       0.44270843 </v>
    <v>       0.52818906       0.41641148       0.53918438 </v>
    <v>       0.50324987       0.46725610       0.44523225 </v>
   </varray>
  </structure>
  <varray name="forces" >
   <v>      -0.00004331       0.00039913       0.00078763 </v>
   <v>      -0.00071247      -0.00021037      -0.00015194 </v>
   <v>       0.00037012       0.00015595      -0.00006908 </v>
   <v>       0.00019124       0.00003182      -0.00066180 </v>
   <v>      -0.00035263      -0.00067004       0.00009005 </v>
  </varray>
  <varray name="stress" >
   <v>      -0.61786659       0.00053648       0.00009248 </v>
   <v>       0.00053648      -0.61952642      -0.00012575 </v>
   <v>       0.00009248      -0.00012575      -0.62233236 </v>
  </varray>
  <energy>
   <i name="e_fr_energy">    -24.02879043 </i>
   <i name="e_wo_entrp">    -24.02879043 </i>
   <i name="e_0_energy">     -0.00000000 </i>
   <i name="kinetic">      0.00000010 </i>
   <i name="lattice kinetic">      0.00000000 </i>
   <i name="nosepot">      0.00000000 </i>
   <i name="nosekinetic">      0.00000000 </i>
   <i name="total">    -24.02879032 </i>
  </energy>
  <time name="totalsc">    1.78    1.80</time>
 </calculation>
 <calculation>
  <scstep>
   <time name="dav">    0.19    0.19</time>
   <time name="total">    0.35    0.35</time>
   <energy>
    <i name="alphaZ">      0.24225079 </i>
    <i name="ewald">    128.68157026 </i>
    <i name="hartreedc">   -284.47668229 </i>
    <i name="XCdc">     24.74083087 </i>
    <i name="pawpsdc">    466.66277438 </i>
    <i name="pawaedc">   -467.44994345 </i>
    <i name="eentropy">     -0.00000000 </i>
    <i name="bandstr">    -89.47134546 </i>
    <i name="atom">    197.04175453 </i>
    <i name="e_fr_energy">    -24.02879038 </i>
    <i name="e_wo_entrp">    -24.02879038 </i>
    <i name="e_0_energy">    -24.02879038 </i>
   </energy>
  </scstep>
  <scstep>
   <time name="diag">    0.04    0.04</time>
   <time name="diis">    0.10    0.10</time>
   <time name="orth">    0.00    0.00</time>
   <time name="total">    0.30    0.30</time>
   <energy>
    <i name="e_fr_energy">    -24.02879040 </i>
    <i name="e_wo_entrp">    -24.02879040 </i>
    <i name="e_0_energy">    -24.02879040 </i>
   </energy>
  </scstep>
  <scstep>
   <time name="diag">    0.04    0.04</time>
   <time name="diis">    0.10    0.10</time>
   <time name="orth">    0.00    0.00</time>
   <time name="total">    0.30    0.30</time>
   <energy>
    <i name="e_fr_energy">    -24.02879043 </i>
    <i name="e_wo_entrp">    -24.02879043 </i>
    <i name="e_0_energy">    -24.02879043 </i>
   </energy>
  </scstep>
  <scstep>
   <time name="diag">    0.04    0.04</time>
   <time name="diis">    0.10    0.10</time>
   <time name="orth">    0.00    0.00</time>
   <time name="total">    0.27    0.28</time>
   <energy>
    <i name="alphaZ">      0.24225079 </i>
    <i name="ewald">    128.68157026 </i>
    <i name="hartreedc">   -284.47758024 </i>
    <i name="XCdc">     24.74093243 </i>
    <i name="pawpsdc">    466.66448205 </i>
    <i name="pawaedc">   -467.45163799 </i>
    <i name="eentropy">     -0.00000000 </i>
    <i name="bandstr">    -89.47056227 </i>
    <i name="atom">    197.04175453 </i>
    <i name="e_fr_energy">    -24.02879043 </i>
    <i name="e_wo_entrp">    -24.02879043 </i>
    <i name="e_0_energy">    -24.02879043 </i>
   </energy>
  </scstep>
  <structure>
   <crystal>
    <varray name="basis" >
     <v>      10.00000000       0.00000000       0.00000000 </v>
     <v>       0.00000000      10.00000000       0.00000000 </v>
     <v>       0.00000000       0.00000000      10.00000000 </v>
    </varray>
    <i name="volume">   1000.00000000 </i>
    <varray name="rec_basis" >
     <v>       0.10000000       0.00000000       0.00000000 </v>
     <v>       0.00000000       0.10000000       0.00000000 </v>
     <v>       0.00000000       0.00000000       0.10000000 </v>
    </varray>
   </crystal>
   <varray name="positions" >
    <v>       0.53815891       0.40685695       0.36056982 </v>
    <v>       0.39454457       0.48031770       0.43846788 </v>
    <v>       0.55209389       0.56544591       0.44270827 </v>
    <v>       0.52819002       0.41641079       0.53918429 </v>
    <v>       0.50324964       0.46725630       0.44523231 </v>
   </varray>
  </structure>
  <varray name="forces" >
   <v>      -0.00013780       0.00054241       0.00097549 </v>
   <v>      -0.00092859      -0.00017921      -0.00014790 </v>
   <v>       0.00040738       0.00027283      -0.00005992 </v>
   <v>       0.00012934       0.00012009      -0.00078018 </v>
   <v>       0.00021056      -0.00124262       0.00002076 </v>
  </varray>
  <varray name="stress" >
   <v>      -0.61762556       0.00069451       0.00014795 </v>
   <v>       0.00069451      -0.61965325      -0.00019121 </v>
   <v>       0.00014794      -0.00019121      -0.62290729 </v>
  </varray>
  <energy>
   <i name="e_fr_energy">    -24.02879043 </i>
   <i name="e_wo_entrp">    -24.02879043 </i>
   <i name="e_0_energy">     -0.00000000 </i>
   <i name="kinetic">      0.00000010 </i>
   <i name="lattice kinetic">      0.00000000 </i>
   <i name="nosepot">      0.00000000 </i>
   <i name="nosekinetic">      0.00000000 </i>
   <i name="total">    -24.02879033 </i>
  </energy>
  <time name="totalsc">    1.77    1.78</time>
 </calculation>
 <calculation>
  <scstep>
   <time name="dav">    0.17    0.17</time>
   <time name="total">    0.32    0.32</time>
   <energy>
    <i name="alphaZ">      0.24225079 </i>
    <i name="ewald">    128.68147649 </i>
    <i name="hartreedc">   -284.47782205 </i>
    <i name="XCdc">     24.74099612 </i>
    <i name="pawpsdc">    466.65711457 </i>
    <i name="pawaedc">   -467.44425580 </i>
    <i name="eentropy">     -0.00000000 </i>
    <i name="bandstr">    -89.47030499 </i>
    <i name="atom">    197.04175453 </i>
    <i name="e_fr_energy">    -24.02879034 </i>
    <i name="e_wo_entrp">    -24.02879034 </i>
    <i name="e_0_energy">    -24.02879034 </i>
   </energy>
  </scstep>
  <scstep>
   <time name="diag">    0.04    0.04</time>
   <time name="diis">    0.10    0.10</time>
   <time name="orth">    0.00    0.00</time>
   <time name="total">    0.29    0.30</time>
   <energy>
    <i name="e_fr_energy">    -24.02879035 </i>
    <i name="e_wo_entrp">    -24.02879035 </i>
    <i name="e_0_energy">    -24.02879035 </i>
   </energy>
  </scstep>
  <scstep>
   <time name="diag">    0.04    0.04</time>
   <time name="diis">    0.10    0.10</time>
   <time name="orth">    0.00    0.00</time>
   <time name="total">    0.30    0.30</time>
   <energy>
    <i name="e_fr_energy">    -24.02879039 </i>
    <i name="e_wo_entrp">    -24.02879039 </i>
    <i name="e_0_energy">    -24.02879039 </i>
   </energy>
  </scstep>
  <scstep>
   <time name="diag">    0.04    0.04</time>
   <time name="diis">    0.10    0.10</time>
   <time name="orth">    0.00    0.00</time>
   <time name="total">    0.27    0.28</time>
   <energy>
    <i name="alphaZ">      0.24225079 </i>
    <i name="ewald">    128.68147649 </i>
    <i name="hartreedc">   -284.47768785 </i>
    <i name="XCdc">     24.74091652 </i>
    <i name="pawpsdc">    466.65850131 </i>
    <i name="pawaedc">   -467.44566185 </i>
    <i name="eentropy">     -0.00000000 </i>
    <i name="bandstr">    -89.47034034 </i>
    <i name="atom">    197.04175453 </i>
    <i name="e_fr_energy">    -24.02879039 </i>
    <i name="e_wo_entrp">    -24.02879039 </i>
    <i name="e_0_energy">    -24.02879039 </i>
   </energy>
  </scstep>
  <structure>
   <crystal>
    <varray name="basis" >
     <v>      10.00000000       0.00000000       0.00000000 </v>
     <v>       0.00000000      10.00000000       0.00000000 </v>
     <v>       0.00000000       0.00000000      10.00000000 </v>
    </varray>
    <i name="volume">   1000.00000000 </i>
    <varray name="rec_basis" >
     <v>       0.10000000       0.00000000       0.00000000 </v>
     <v>       0.00000000       0.10000000       0.00000000 </v>
     <v>       0.00000000       0.00000000       0.10000000 </v>
    </varray>
   </crystal>
   <varray name="positions" >
    <v>       0.53815972       0.40685659       0.36056988 </v>
    <v>       0.39454482       0.48031701       0.43846758 </v>
    <v>       0.55209450       0.56544535       0.44270810 </v>
    <v>       0.52819102       0.41641013       0.53918401 </v>
    <v>       0.50324941       0.46725649       0.44523237 </v>
   </varray>
  </structure>
  <varray name="forces" >
   <v>      -0.00027153       0.00067902       0.00107152 </v>
   <v>      -0.00104305      -0.00010727      -0.00013451 </v>
   <v>       0.00034079       0.00040097      -0.00005328 </v>
   <v>       0.00000594       0.00023207      -0.00083945 </v>
   <v>       0.00019509      -0.00134792      -0.00007520 </v>
  </varray>
  <varray name="stress" >
   <v>      -0.61754449       0.00077045       0.00016526 </v>
   <v>       0.00077045      -0.61964342      -0.00022169 </v>
   <v>       0.00016526      -0.00022168      -0.62304591 </v>
  </varray>
  <energy>
   <i name="e_fr_energy">    -24.02879039 </i>
   <i name="e_wo_entrp">    -24.02879039 </i>
   <i name="e_0_energy">     -0.00000000 </i>
   <i name="kinetic">      0.00000009 </i>
   <i name="lattice kinetic">      0.00000000 </i>
   <i name="nosepot">      0.00000000 </i>
   <i name="nosekinetic">      0.00000000 </i>
   <i name="total">    -24.02879030 </i>
  </energy>
  <dos>
   <i name="efermi">     -8.30549871 </i>
   <total>
    <array>
     <dimension dim="1">gridpoints</dimension>
     <dimension dim="2">spin</dimension>
     <field>energy</field>
     <field>total</field>
     <field>integrated</field>
     <set>
      <set comment="spin 1">
       <r>   -18.8802     0.0000     0.0000 </r>
       <r>   -18.8083     0.0000     0.0000 </r>
       <r>   -18.7363     0.0000     0.0000 </r>
       <r>   -18.6644     0.0000     0.0000 </r>
       <r>   -18.5925     0.0000     0.0000 </r>
       <r>   -18.5205     0.0000     0.0000 </r>
       <r>   -18.4486     0.0000     0.0000 </r>
       <r>   -18.3767     0.0000     0.0000 </r>
       <r>   -18.3047     0.0000     0.0000 </r>
       <r>   -18.2328     0.0000     0.0000 </r>
       <r>   -18.1609     0.0000     0.0000 </r>
       <r>   -18.0889     0.0000     0.0000 </r>
       <r>   -18.0170     0.0000     0.0000 </r>
       <r>   -17.9450     0.0000     0.0000 </r>
       <r>   -17.8731     0.0000     0.0000 </r>
       <r>   -17.8012     0.0000     0.0000 </r>
       <r>   -17.7292     0.0000     0.0000 </r>
       <r>   -17.6573     0.0000     0.0000 </r>
       <r>   -17.5854     0.0001     0.0000 </r>
       <r>   -17.5134     0.0010     0.0001 </r>
       <r>   -17.4415     0.0090     0.0007 </r>
       <r>   -17.3696     0.0648     0.0054 </r>
       <r>   -17.2976     0.3636     0.0315 </r>
       <r>   -17.2257     1.5827     0.1454 </r>
       <r>   -17.1538     5.3448     0.5298 </r>
       <r>   -17.0818    14.0083     1.5375 </r>
       <r>   -17.0099    28.4971     3.5873 </r>
       <r>   -16.9379    45.0006     6.8243 </r>
       <r>   -16.8660    55.1657    10.7924 </r>
       <r>   -16.7941    52.5006    14.5689 </r>
       <r>   -16.7221    38.7883    17.3590 </r>
       <r>   -16.6502    22.2465    18.9592 </r>
       <r>   -16.5783     9.9040    19.6716 </r>
       <r>   -16.5063     3.4222    19.9177 </r>
       <r>   -16.4344     0.9176    19.9837 </r>
       <r>   -16.3625     0.1909    19.9975 </r>
       <r>   -16.2905     0.0308    19.9997 </r>
       <r>   -16.2186     0.0039    20.0000 </r>
       <r>   -16.1467     0.0004    20.0000 </r>
       <r>   -16.0747     0.0000    20.0000 </r>
       <r>   -16.0028     0.0000    20.0000 </r>
       <r>   -15.9308     0.0000    20.0000 </r>
       <r>   -15.8589     0.0000    20.0000 </r>
       <r>   -15.7870     0.0000    20.0000 </r>
       <r>   -15.7150     0.0000    20.0000 </r>
       <r>   -15.6431     0.0000    20.0000 </r>
       <r>   -15.5712     0.0000    20.0000 </r>
       <r>   -15.4992     0.0000    20.0000 </r>
       <r>   -15.4273     0.0000    20.0000 </r>
       <r>   -15.3554     0.0000    20.0000 </r>
       <r>   -15.2834     0.0000    20.0000 </r>
       <r>   -15.2115     0.0000    20.0000 </r>
       <r>   -15.1395     0.0000    20.0000 </r>
       <r>   -15.0676     0.0000    20.0000 </r>
       <r>   -14.9957     0.0000    20.0000 </r>
       <r>   -14.9237     0.0000    20.0000 </r>
       <r>   -14.8518     0.0000    20.0000 </r>
       <r>   -14.7799     0.0000    20.0000 </r>
       <r>   -14.7079     0.0000    20.0000 </r>
       <r>   -14.6360     0.0000    20.0000 </r>
       <r>   -14.5641     0.0000    20.0000 </r>
       <r>   -14.4921     0.0000    20.0000 </r>
       <r>   -14.4202     0.0000    20.0000 </r>
       <r>   -14.3483     0.0000    20.0000 </r>
       <r>   -14.2763     0.0000    20.0000 </r>
       <r>   -14.2044     0.0000    20.0000 </r>
       <r>   -14.1324     0.0000    20.0000 </r>
       <r>   -14.0605     0.0000    20.0000 </r>
       <r>   -13.9886     0.0000    20.0000 </r>
       <r>   -13.9166     0.0000    20.0000 </r>
       <r>   -13.8447     0.0000    20.0000 </r>
       <r>   -13.7728     0.0000    20.0000 </r>
       <r>   -13.7008     0.0000    20.0000 </r>
       <r>   -13.6289     0.0000    20.0000 </r>
       <r>   -13.5570     0.0000    20.0000 </r>
       <r>   -13.4850     0.0000    20.0000 </r>
       <r>   -13.4131     0.0000    20.0000 </r>
       <r>   -13.3412     0.0000    20.0000 </r>
       <r>   -13.2692     0.0000    20.0000 </r>
       <r>   -13.1973     0.0000    20.0000 </r>
       <r>   -13.1253     0.0000    20.0000 </r>
       <r>   -13.0534     0.0000    20.0000 </r>
       <r>   -12.9815     0.0000    20.0000 </r>
       <r>   -12.9095     0.0000    20.0000 </r>
       <r>   -12.8376     0.0000    20.0000 </r>
       <r>   -12.7657     0.0000    20.0000 </r>
       <r>   -12.6937     0.0000    20.0000 </r>
       <r>   -12.6218     0.0000    20.0000 </r>
       <r>   -12.5499     0.0000    20.0000 </r>
       <r>   -12.4779     0.0000    20.0000 </r>
       <r>   -12.4060     0.0000    20.0000 </r>
       <r>   -12.3340     0.0000    20.0000 </r>
       <r>   -12.2621     0.0000    20.0000 </r>
       <r>   -12.1902     0.0000    20.0000 </r>
       <r>   -12.1182     0.0000    20.0000 </r>
       <r>   -12.0463     0.0000    20.0000 </r>
       <r>   -11.9744     0.0000    20.0000 </r>
       <r>   -11.9024     0.0000    20.0000 </r>
       <r>   -11.8305     0.0000    20.0000 </r>
       <r>   -11.7586     0.0000    20.0000 </r>
       <r>   -11.6866     0.0000    20.0000 </r>
       <r>   -11.6147     0.0000    20.0000 </r>
       <r>   -11.5428     0.0000    20.0000 </r>
       <r>   -11.4708     0.0000    20.0000 </r>
       <r>   -11.3989     0.0000    20.0000 </r>
       <r>   -11.3269     0.0000    20.0000 </r>
       <r>   -11.2550     0.0000    20.0000 </r>
       <r>   -11.1831     0.0000    20.0000 </r>
       <r>   -11.1111     0.0000    20.0000 </r>
       <r>   -11.0392     0.0000    20.0000 </r>
       <r>   -10.9673     0.0000    20.0000 </r>
       <r>   -10.8953     0.0000    20.0000 </r>
       <r>   -10.8234     0.0000    20.0000 </r>
       <r>   -10.7515     0.0000    20.0000 </r>
       <r>   -10.6795     0.0000    20.0000 </r>
       <r>   -10.6076     0.0000    20.0000 </r>
       <r>   -10.5357     0.0000    20.0000 </r>
       <r>   -10.4637     0.0000    20.0000 </r>
       <r>   -10.3918     0.0000    20.0000 </r>
       <r>   -10.3198     0.0000    20.0000 </r>
       <r>   -10.2479     0.0000    20.0000 </r>
       <r>   -10.1760     0.0000    20.0000 </r>
       <r>   -10.1040     0.0000    20.0000 </r>
       <r>   -10.0321     0.0000    20.0000 </r>
       <r>    -9.9602     0.0007    20.0001 </r>
       <r>    -9.8882     0.0074    20.0006 </r>
       <r>    -9.8163     0.0624    20.0051 </r>
       <r>    -9.7444     0.4066    20.0343 </r>
       <r>    -9.6724     2.0553    20.1822 </r>
       <r>    -9.6005     8.0616    20.7620 </r>
       <r>    -9.5285    24.5380    22.5271 </r>
       <r>    -9.4566    57.9682    26.6968 </r>
       <r>    -9.3847   106.2975    34.3429 </r>
       <r>    -9.3127   151.3130    45.2271 </r>
       <r>    -9.2408   167.2132    57.2550 </r>
       <r>    -9.1689   143.4540    67.5738 </r>
       <r>    -9.0969    95.5417    74.4463 </r>
       <r>    -9.0250    49.3954    77.9993 </r>
       <r>    -8.9531    19.8223    79.4252 </r>
       <r>    -8.8811     6.1736    79.8693 </r>
       <r>    -8.8092     1.4921    79.9766 </r>
       <r>    -8.7373     0.2798    79.9967 </r>
       <r>    -8.6653     0.0407    79.9996 </r>
       <r>    -8.5934     0.0046    80.0000 </r>
       <r>    -8.5214     0.0004    80.0000 </r>
       <r>    -8.4495     0.0000    80.0000 </r>
       <r>    -8.3776     0.0000    80.0000 </r>
       <r>    -8.3056     0.0000    80.0000 </r>
       <r>    -8.2337     0.0000    80.0000 </r>
       <r>    -8.1618     0.0000    80.0000 </r>
       <r>    -8.0898     0.0000    80.0000 </r>
       <r>    -8.0179     0.0000    80.0000 </r>
       <r>    -7.9460     0.0000    80.0000 </r>
       <r>    -7.8740     0.0000    80.0000 </r>
       <r>    -7.8021     0.0000    80.0000 </r>
       <r>    -7.7302     0.0000    80.0000 </r>
       <r>    -7.6582     0.0000    80.0000 </r>
       <r>    -7.5863     0.0000    80.0000 </r>
       <r>    -7.5143     0.0000    80.0000 </r>
       <r>    -7.4424     0.0000    80.0000 </r>
       <r>    -7.3705     0.0000    80.0000 </r>
       <r>    -7.2985     0.0000    80.0000 </r>
       <r>    -7.2266     0.0000    80.0000 </r>
       <r>    -7.1547     0.0000    80.0000 </r>
       <r>    -7.0827     0.0000    80.0000 </r>
       <r>    -7.0108     0.0000    80.0000 </r>
       <r>    -6.9389     0.0000    80.0000 </r>
       <r>    -6.8669     0.0000    80.0000 </r>
       <r>    -6.7950     0.0000    80.0000 </r>
       <r>    -6.7230     0.0000    80.0000 </r>
       <r>    -6.6511     0.0000    80.0000 </r>
       <r>    -6.5792     0.0000    80.0000 </r>
       <r>    -6.5072     0.0000    80.0000 </r>
       <r>    -6.4353     0.0000    80.0000 </r>
       <r>    -6.3634     0.0000    80.0000 </r>
       <r>    -6.2914     0.0000    80.0000 </r>
       <r>    -6.2195     0.0000    80.0000 </r>
       <r>    -6.1476     0.0000    80.0000 </r>
       <r>    -6.0756     0.0000    80.0000 </r>
       <r>    -6.0037     0.0000    80.0000 </r>
       <r>    -5.9318     0.0000    80.0000 </r>
       <r>    -5.8598     0.0000    80.0000 </r>
       <r>    -5.7879     0.0000    80.0000 </r>
       <r>    -5.7159     0.0000    80.0000 </r>
       <r>    -5.6440     0.0000    80.0000 </r>
       <r>    -5.5721     0.0000    80.0000 </r>
       <r>    -5.5001     0.0000    80.0000 </r>
       <r>    -5.4282     0.0000    80.0000 </r>
       <r>    -5.3563     0.0000    80.0000 </r>
       <r>    -5.2843     0.0000    80.0000 </r>
       <r>    -5.2124     0.0000    80.0000 </r>
       <r>    -5.1405     0.0000    80.0000 </r>
       <r>    -5.0685     0.0000    80.0000 </r>
       <r>    -4.9966     0.0000    80.0000 </r>
       <r>    -4.9247     0.0000    80.0000 </r>
       <r>    -4.8527     0.0000    80.0000 </r>
       <r>    -4.7808     0.0000    80.0000 </r>
       <r>    -4.7088     0.0000    80.0000 </r>
       <r>    -4.6369     0.0000    80.0000 </r>
       <r>    -4.5650     0.0000    80.0000 </r>
       <r>    -4.4930     0.0000    80.0000 </r>
       <r>    -4.4211     0.0000    80.0000 </r>
       <r>    -4.3492     0.0000    80.0000 </r>
       <r>    -4.2772     0.0000    80.0000 </r>
       <r>    -4.2053     0.0000    80.0000 </r>
       <r>    -4.1334     0.0000    80.0000 </r>
       <r>    -4.0614     0.0000    80.0000 </r>
       <r>    -3.9895     0.0000    80.0000 </r>
       <r>    -3.9176     0.0000    80.0000 </r>
       <r>    -3.8456     0.0000    80.0000 </r>
       <r>    -3.7737     0.0000    80.0000 </r>
       <r>    -3.7017     0.0000    80.0000 </r>
       <r>    -3.6298     0.0000    80.0000 </r>
       <r>    -3.5579     0.0000    80.0000 </r>
       <r>    -3.4859     0.0000    80.0000 </r>
       <r>    -3.4140     0.0000    80.0000 </r>
       <r>    -3.3421     0.0000    80.0000 </r>
       <r>    -3.2701     0.0000    80.0000 </r>
       <r>    -3.1982     0.0000    80.0000 </r>
       <r>    -3.1263     0.0000    80.0000 </r>
       <r>    -3.0543     0.0000    80.0000 </r>
       <r>    -2.9824     0.0000    80.0000 </r>
       <r>    -2.9104     0.0000    80.0000 </r>
       <r>    -2.8385     0.0000    80.0000 </r>
       <r>    -2.7666     0.0000    80.0000 </r>
       <r>    -2.6946     0.0000    80.0000 </r>
       <r>    -2.6227     0.0000    80.0000 </r>
       <r>    -2.5508     0.0000    80.0000 </r>
       <r>    -2.4788     0.0000    80.0000 </r>
       <r>    -2.4069     0.0000    80.0000 </r>
       <r>    -2.3350     0.0000    80.0000 </r>
       <r>    -2.2630     0.0000    80.0000 </r>
       <r>    -2.1911     0.0000    80.0000 </r>
       <r>    -2.1192     0.0000    80.0000 </r>
       <r>    -2.0472     0.0000    80.0000 </r>
       <r>    -1.9753     0.0000    80.0000 </r>
       <r>    -1.9033     0.0000    80.0000 </r>
       <r>    -1.8314     0.0000    80.0000 </r>
       <r>    -1.7595     0.0000    80.0000 </r>
       <r>    -1.6875     0.0000    80.0000 </r>
       <r>    -1.6156     0.0000    80.0000 </r>
       <r>    -1.5437     0.0000    80.0000 </r>
       <r>    -1.4717     0.0000    80.0000 </r>
       <r>    -1.3998     0.0000    80.0000 </r>
       <r>    -1.3279     0.0000    80.0000 </r>
       <r>    -1.2559     0.0000    80.0000 </r>
       <r>    -1.1840     0.0000    80.0000 </r>
       <r>    -1.1121     0.0000    80.0000 </r>
       <r>    -1.0401     0.0000    80.0000 </r>
       <r>    -0.9682     0.0005    80.0000 </r>
       <r>    -0.8962     0.0047    80.0004 </r>
       <r>    -0.8243     0.0365    80.0030 </r>
       <r>    -0.7524     0.2214    80.0189 </r>
       <r>    -0.6804     1.0406    80.0938 </r>
       <r>    -0.6085     3.7951    80.3668 </r>
       <r>    -0.5366    10.7417    81.1394 </r>
       <r>    -0.4646    23.5972    82.8368 </r>
       <r>    -0.3927    40.2387    85.7312 </r>
       <r>    -0.3208    53.2664    89.5628 </r>
       <r>    -0.2488    54.7401    93.5003 </r>
       <r>    -0.1769    43.6720    96.6417 </r>
       <r>    -0.1049    27.0481    98.5873 </r>
       <r>    -0.0330    13.0066    99.5229 </r>
       <r>     0.0389     4.8782    99.8738 </r>
       <r>     0.1109     1.5748    99.9870 </r>
       <r>     0.1828     1.1873   100.0724 </r>
       <r>     0.2547     3.5893   100.3306 </r>
       <r>     0.3267    11.3904   101.1499 </r>
       <r>     0.3986    29.3243   103.2593 </r>
       <r>     0.4705    60.8477   107.6361 </r>
       <r>     0.5425   102.2657   114.9923 </r>
       <r>     0.6144   139.5676   125.0315 </r>
       <r>     0.6863   154.4928   136.1444 </r>
       <r>     0.7583   138.0927   146.0776 </r>
       <r>     0.8302    99.0320   153.2011 </r>
       <r>     0.9022    56.5858   157.2714 </r>
       <r>     0.9741    25.5980   159.1127 </r>
       <r>     1.0460     9.1201   159.7687 </r>
       <r>     1.1180     2.5488   159.9521 </r>
       <r>     1.1899     0.5571   159.9922 </r>
       <r>     1.2618     0.0950   159.9990 </r>
       <r>     1.3338     0.0126   159.9999 </r>
       <r>     1.4057     0.0013   160.0000 </r>
       <r>     1.4776     0.0001   160.0000 </r>
       <r>     1.5496     0.0000   160.0000 </r>
       <r>     1.6215     0.0000   160.0000 </r>
       <r>     1.6934     0.0000   160.0000 </r>
       <r>     1.7654     0.0000   160.0000 </r>
       <r>     1.8373     0.0000   160.0000 </r>
       <r>     1.9093     0.0000   160.0000 </r>
       <r>     1.9812     0.0000   160.0000 </r>
       <r>     2.0531     0.0000   160.0000 </r>
       <r>     2.1251     0.0000   160.0000 </r>
       <r>     2.1970     0.0000   160.0000 </r>
       <r>     2.2689     0.0000   160.0000 </r>
       <r>     2.3409     0.0000   160.0000 </r>
       <r>     2.4128     0.0000   160.0000 </r>
       <r>     2.4847     0.0000   160.0000 </r>
       <r>     2.5567     0.0000   160.0000 </r>
       <r>     2.6286     0.0000   160.0000 </r>
       <r>     2.7006     0.0000   160.0000 </r>
      </set>
     </set>
    </array>
   </total>
  </dos>
  <time name="totalsc">    1.92    1.93</time>
  <eigenvalues>
   <array>
    <dimension dim="1">band</dimension>
    <dimension dim="2">kpoint</dimension>
    <dimension dim="3">spin</dimension>
    <field>eigene</field>
    <field>occ</field>
    <set>
     <set comment="spin 1">
      <set comment="kpoint 1">
       <r>  -16.8802    1.0000 </r>
       <r>   -9.2852    1.0000 </r>
       <r>   -9.2851    1.0000 </r>
       <r>   -9.2848    1.0000 </r>
       <r>   -0.3136    0.0000 </r>
       <r>    0.5705    0.0000 </r>
       <r>    0.6735    0.0000 </r>
       <r>    0.6978    0.0000 </r>
      </set>
      <set comment="kpoint 2">
       <r>  -16.8802    1.0000 </r>
       <r>   -9.2853    1.0000 </r>
       <r>   -9.2851    1.0000 </r>
       <r>   -9.2848    1.0000 </r>
       <r>   -0.3136    0.0000 </r>
       <r>    0.5661    0.0000 </r>
       <r>    0.6709    0.0000 </r>
       <r>    0.7002    0.0000 </r>
      </set>
      <set comment="kpoint 3">
       <r>  -16.8802    1.0000 </r>
       <r>   -9.2853    1.0000 </r>
       <r>   -9.2851    1.0000 </r>
       <r>   -9.2848    1.0000 </r>
       <r>   -0.3136    0.0000 </r>
       <r>    0.5657    0.0000 </r>
       <r>    0.6728    0.0000 </r>
       <r>    0.7000    0.0000 </r>
      </set>
      <set comment="kpoint 4">
       <r>  -16.8803    1.0000 </r>
       <r>   -9.2852    1.0000 </r>
       <r>   -9.2851    1.0000 </r>
       <r>   -9.2848    1.0000 </r>
       <r>   -0.3136    0.0000 </r>
       <r>    0.5698    0.0000 </r>
       <r>    0.6744    0.0000 </r>
       <r>    0.6970    0.0000 </r>
      </set>
     </set>
    </set>
   </array>
  </eigenvalues>
  <separator name="orbital magnetization" >
   <v name="MAGDIPOLOUT">      0.00000000      0.00000000      0.00000000</v>
  </separator>
  <dos>
   <i name="efermi">     -8.30567690 </i>
   <total>
    <array>
     <dimension dim="1">gridpoints</dimension>
     <dimension dim="2">spin</dimension>
     <field>energy</field>
     <field>total</field>
     <field>integrated</field>
     <set>
      <set comment="spin 1">
       <r>   -18.8803     0.0000     0.0000 </r>
       <r>   -18.8083     0.0000     0.0000 </r>
       <r>   -18.7364     0.0000     0.0000 </r>
       <r>   -18.6645     0.0000     0.0000 </r>
       <r>   -18.5925     0.0000     0.0000 </r>
       <r>   -18.5206     0.0000     0.0000 </r>
       <r>   -18.4486     0.0000     0.0000 </r>
       <r>   -18.3767     0.0000     0.0000 </r>
       <r>   -18.3048     0.0000     0.0000 </r>
       <r>   -18.2328     0.0000     0.0000 </r>
       <r>   -18.1609     0.0000     0.0000 </r>
       <r>   -18.0890     0.0000     0.0000 </r>
       <r>   -18.0170     0.0000     0.0000 </r>
       <r>   -17.9451     0.0000     0.0000 </r>
       <r>   -17.8732     0.0000     0.0000 </r>
       <r>   -17.8012     0.0000     0.0000 </r>
       <r>   -17.7293     0.0000     0.0000 </r>
       <r>   -17.6574     0.0000     0.0000 </r>
       <r>   -17.5854     0.0000     0.0000 </r>
       <r>   -17.5135     0.0001     0.0000 </r>
       <r>   -17.4416     0.0009     0.0001 </r>
       <r>   -17.3696     0.0065     0.0005 </r>
       <r>   -17.2977     0.0364     0.0032 </r>
       <r>   -17.2258     0.1585     0.0146 </r>
       <r>   -17.1538     0.5352     0.0531 </r>
       <r>   -17.0819     1.4023     0.1539 </r>
       <r>   -17.0099     2.8518     0.3591 </r>
       <r>   -16.9380     4.5020     0.6829 </r>
       <r>   -16.8661     5.5171     1.0798 </r>
       <r>   -16.7941     5.2487     1.4574 </r>
       <r>   -16.7222     3.8764     1.7362 </r>
       <r>   -16.6503     2.2223     1.8961 </r>
       <r>   -16.5783     0.9889     1.9672 </r>
       <r>   -16.5064     0.3416     1.9918 </r>
       <r>   -16.4345     0.0915     1.9984 </r>
       <r>   -16.3625     0.0190     1.9997 </r>
       <r>   -16.2906     0.0031     2.0000 </r>
       <r>   -16.2187     0.0004     2.0000 </r>
       <r>   -16.1467     0.0000     2.0000 </r>
       <r>   -16.0748     0.0000     2.0000 </r>
       <r>   -16.0029     0.0000     2.0000 </r>
       <r>   -15.9309     0.0000     2.0000 </r>
       <r>   -15.8590     0.0000     2.0000 </r>
       <r>   -15.7871     0.0000     2.0000 </r>
       <r>   -15.7151     0.0000     2.0000 </r>
       <r>   -15.6432     0.0000     2.0000 </r>
       <r>   -15.5712     0.0000     2.0000 </r>
       <r>   -15.4993     0.0000     2.0000 </r>
       <r>   -15.4274     0.0000     2.0000 </r>
       <r>   -15.3554     0.0000     2.0000 </r>
       <r>   -15.2835     0.0000     2.0000 </r>
       <r>   -15.2116     0.0000     2.0000 </r>
       <r>   -15.1396     0.0000     2.0000 </r>
       <r>   -15.0677     0.0000     2.0000 </r>
       <r>   -14.9958     0.0000     2.0000 </r>
       <r>   -14.9238     0.0000     2.0000 </r>
       <r>   -14.8519     0.0000     2.0000 </r>
       <r>   -14.7800     0.0000     2.0000 </r>
       <r>   -14.7080     0.0000     2.0000 </r>
       <r>   -14.6361     0.0000     2.0000 </r>
       <r>   -14.5642     0.0000     2.0000 </r>
       <r>   -14.4922     0.0000     2.0000 </r>
       <r>   -14.4203     0.0000     2.0000 </r>
       <r>   -14.3484     0.0000     2.0000 </r>
       <r>   -14.2764     0.0000     2.0000 </r>
       <r>   -14.2045     0.0000     2.0000 </r>
       <r>   -14.1325     0.0000     2.0000 </r>
       <r>   -14.0606     0.0000     2.0000 </r>
       <r>   -13.9887     0.0000     2.0000 </r>
       <r>   -13.9167     0.0000     2.0000 </r>
       <r>   -13.8448     0.0000     2.0000 </r>
       <r>   -13.7729     0.0000     2.0000 </r>
       <r>   -13.7009     0.0000     2.0000 </r>
       <r>   -13.6290     0.0000     2.0000 </r>
       <r>   -13.5571     0.0000     2.0000 </r>
       <r>   -13.4851     0.0000     2.0000 </r>
       <r>   -13.4132     0.0000     2.0000 </r>
       <r>   -13.3413     0.0000     2.0000 </r>
       <r>   -13.2693     0.0000     2.0000 </r>
       <r>   -13.1974     0.0000     2.0000 </r>
       <r>   -13.1255     0.0000     2.0000 </r>
       <r>   -13.0535     0.0000     2.0000 </r>
       <r>   -12.9816     0.0000     2.0000 </r>
       <r>   -12.9097     0.0000     2.0000 </r>
       <r>   -12.8377     0.0000     2.0000 </r>
       <r>   -12.7658     0.0000     2.0000 </r>
       <r>   -12.6939     0.0000     2.0000 </r>
       <r>   -12.6219     0.0000     2.0000 </r>
       <r>   -12.5500     0.0000     2.0000 </r>
       <r>   -12.4780     0.0000     2.0000 </r>
       <r>   -12.4061     0.0000     2.0000 </r>
       <r>   -12.3342     0.0000     2.0000 </r>
       <r>   -12.2622     0.0000     2.0000 </r>
       <r>   -12.1903     0.0000     2.0000 </r>
       <r>   -12.1184     0.0000     2.0000 </r>
       <r>   -12.0464     0.0000     2.0000 </r>
       <r>   -11.9745     0.0000     2.0000 </r>
       <r>   -11.9026     0.0000     2.0000 </r>
       <r>   -11.8306     0.0000     2.0000 </r>
       <r>   -11.7587     0.0000     2.0000 </r>
       <r>   -11.6868     0.0000     2.0000 </r>
       <r>   -11.6148     0.0000     2.0000 </r>
       <r>   -11.5429     0.0000     2.0000 </r>
       <r>   -11.4710     0.0000     2.0000 </r>
       <r>   -11.3990     0.0000     2.0000 </r>
       <r>   -11.3271     0.0000     2.0000 </r>
       <r>   -11.2552     0.0000     2.0000 </r>
       <r>   -11.1832     0.0000     2.0000 </r>
       <r>   -11.1113     0.0000     2.0000 </r>
       <r>   -11.0393     0.0000     2.0000 </r>
       <r>   -10.9674     0.0000     2.0000 </r>
       <r>   -10.8955     0.0000     2.0000 </r>
       <r>   -10.8235     0.0000     2.0000 </r>
       <r>   -10.7516     0.0000     2.0000 </r>
       <r>   -10.6797     0.0000     2.0000 </r>
       <r>   -10.6077     0.0000     2.0000 </r>
       <r>   -10.5358     0.0000     2.0000 </r>
       <r>   -10.4639     0.0000     2.0000 </r>
       <r>   -10.3919     0.0000     2.0000 </r>
       <r>   -10.3200     0.0000     2.0000 </r>
       <r>   -10.2481     0.0000     2.0000 </r>
       <r>   -10.1761     0.0000     2.0000 </r>
       <r>   -10.1042     0.0000     2.0000 </r>
       <r>   -10.0323     0.0000     2.0000 </r>
       <r>    -9.9603     0.0001     2.0000 </r>
       <r>    -9.8884     0.0008     2.0001 </r>
       <r>    -9.8165     0.0063     2.0005 </r>
       <r>    -9.7445     0.0412     2.0035 </r>
       <r>    -9.6726     0.2077     2.0184 </r>
       <r>    -9.6006     0.8133     2.0769 </r>
       <r>    -9.5287     2.4712     2.2547 </r>
       <r>    -9.4568     5.8277     2.6739 </r>
       <r>    -9.3848    10.6671     3.4412 </r>
       <r>    -9.3129    15.1566     4.5315 </r>
       <r>    -9.2410    16.7180     5.7341 </r>
       <r>    -9.1690    14.3155     6.7639 </r>
       <r>    -9.0971     9.5159     7.4484 </r>
       <r>    -9.0252     4.9101     7.8017 </r>
       <r>    -8.9532     1.9665     7.9431 </r>
       <r>    -8.8813     0.6112     7.9871 </r>
       <r>    -8.8094     0.1474     7.9977 </r>
       <r>    -8.7374     0.0276     7.9997 </r>
       <r>    -8.6655     0.0040     8.0000 </r>
       <r>    -8.5936     0.0005     8.0000 </r>
       <r>    -8.5216     0.0000     8.0000 </r>
       <r>    -8.4497     0.0000     8.0000 </r>
       <r>    -8.3778     0.0000     8.0000 </r>
       <r>    -8.3058     0.0000     8.0000 </r>
       <r>    -8.2339     0.0000     8.0000 </r>
       <r>    -8.1619     0.0000     8.0000 </r>
       <r>    -8.0900     0.0000     8.0000 </r>
       <r>    -8.0181     0.0000     8.0000 </r>
       <r>    -7.9461     0.0000     8.0000 </r>
       <r>    -7.8742     0.0000     8.0000 </r>
       <r>    -7.8023     0.0000     8.0000 </r>
       <r>    -7.7303     0.0000     8.0000 </r>
       <r>    -7.6584     0.0000     8.0000 </r>
       <r>    -7.5865     0.0000     8.0000 </r>
       <r>    -7.5145     0.0000     8.0000 </r>
       <r>    -7.4426     0.0000     8.0000 </r>
       <r>    -7.3707     0.0000     8.0000 </r>
       <r>    -7.2987     0.0000     8.0000 </r>
       <r>    -7.2268     0.0000     8.0000 </r>
       <r>    -7.1549     0.0000     8.0000 </r>
       <r>    -7.0829     0.0000     8.0000 </r>
       <r>    -7.0110     0.0000     8.0000 </r>
       <r>    -6.9391     0.0000     8.0000 </r>
       <r>    -6.8671     0.0000     8.0000 </r>
       <r>    -6.7952     0.0000     8.0000 </r>
       <r>    -6.7232     0.0000     8.0000 </r>
       <r>    -6.6513     0.0000     8.0000 </r>
       <r>    -6.5794     0.0000     8.0000 </r>
       <r>    -6.5074     0.0000     8.0000 </r>
       <r>    -6.4355     0.0000     8.0000 </r>
       <r>    -6.3636     0.0000     8.0000 </r>
       <r>    -6.2916     0.0000     8.0000 </r>
       <r>    -6.2197     0.0000     8.0000 </r>
       <r>    -6.1478     0.0000     8.0000 </r>
       <r>    -6.0758     0.0000     8.0000 </r>
       <r>    -6.0039     0.0000     8.0000 </r>
       <r>    -5.9320     0.0000     8.0000 </r>
       <r>    -5.8600     0.0000     8.0000 </r>
       <r>    -5.7881     0.0000     8.0000 </r>
       <r>    -5.7162     0.0000     8.0000 </r>
       <r>    -5.6442     0.0000     8.0000 </r>
       <r>    -5.5723     0.0000     8.0000 </r>
       <r>    -5.5004     0.0000     8.0000 </r>
       <r>    -5.4284     0.0000     8.0000 </r>
       <r>    -5.3565     0.0000     8.0000 </r>
       <r>    -5.2845     0.0000     8.0000 </r>
       <r>    -5.2126     0.0000     8.0000 </r>
       <r>    -5.1407     0.0000     8.0000 </r>
       <r>    -5.0687     0.0000     8.0000 </r>
       <r>    -4.9968     0.0000     8.0000 </r>
       <r>    -4.9249     0.0000     8.0000 </r>
       <r>    -4.8529     0.0000     8.0000 </r>
       <r>    -4.7810     0.0000     8.0000 </r>
       <r>    -4.7091     0.0000     8.0000 </r>
       <r>    -4.6371     0.0000     8.0000 </r>
       <r>    -4.5652     0.0000     8.0000 </r>
       <r>    -4.4933     0.0000     8.0000 </r>
       <r>    -4.4213     0.0000     8.0000 </r>
       <r>    -4.3494     0.0000     8.0000 </r>
       <r>    -4.2775     0.0000     8.0000 </r>
       <r>    -4.2055     0.0000     8.0000 </r>
       <r>    -4.1336     0.0000     8.0000 </r>
       <r>    -4.0617     0.0000     8.0000 </r>
       <r>    -3.9897     0.0000     8.0000 </r>
       <r>    -3.9178     0.0000     8.0000 </r>
       <r>    -3.8458     0.0000     8.0000 </r>
       <r>    -3.7739     0.0000     8.0000 </r>
       <r>    -3.7020     0.0000     8.0000 </r>
       <r>    -3.6300     0.0000     8.0000 </r>
       <r>    -3.5581     0.0000     8.0000 </r>
       <r>    -3.4862     0.0000     8.0000 </r>
       <r>    -3.4142     0.0000     8.0000 </r>
       <r>    -3.3423     0.0000     8.0000 </r>
       <r>    -3.2704     0.0000     8.0000 </r>
       <r>    -3.1984     0.0000     8.0000 </r>
       <r>    -3.1265     0.0000     8.0000 </r>
       <r>    -3.0546     0.0000     8.0000 </r>
       <r>    -2.9826     0.0000     8.0000 </r>
       <r>    -2.9107     0.0000     8.0000 </r>
       <r>    -2.8388     0.0000     8.0000 </r>
       <r>    -2.7668     0.0000     8.0000 </r>
       <r>    -2.6949     0.0000     8.0000 </r>
       <r>    -2.6230     0.0000     8.0000 </r>
       <r>    -2.5510     0.0000     8.0000 </r>
       <r>    -2.4791     0.0000     8.0000 </r>
       <r>    -2.4072     0.0000     8.0000 </r>
       <r>    -2.3352     0.0000     8.0000 </r>
       <r>    -2.2633     0.0000     8.0000 </r>
       <r>    -2.1913     0.0000     8.0000 </r>
       <r>    -2.1194     0.0000     8.0000 </r>
       <r>    -2.0475     0.0000     8.0000 </r>
       <r>    -1.9755     0.0000     8.0000 </r>
       <r>    -1.9036     0.0000     8.0000 </r>
       <r>    -1.8317     0.0000     8.0000 </r>
       <r>    -1.7597     0.0000     8.0000 </r>
       <r>    -1.6878     0.0000     8.0000 </r>
       <r>    -1.6159     0.0000     8.0000 </r>
       <r>    -1.5439     0.0000     8.0000 </r>
       <r>    -1.4720     0.0000     8.0000 </r>
       <r>    -1.4001     0.0000     8.0000 </r>
       <r>    -1.3281     0.0000     8.0000 </r>
       <r>    -1.2562     0.0000     8.0000 </r>
       <r>    -1.1843     0.0000     8.0000 </r>
       <r>    -1.1123     0.0000     8.0000 </r>
       <r>    -1.0404     0.0000     8.0000 </r>
       <r>    -0.9685     0.0000     8.0000 </r>
       <r>    -0.8965     0.0005     8.0000 </r>
       <r>    -0.8246     0.0037     8.0003 </r>
       <r>    -0.7526     0.0223     8.0019 </r>
       <r>    -0.6807     0.1047     8.0094 </r>
       <r>    -0.6088     0.3814     8.0369 </r>
       <r>    -0.5368     1.0783     8.1144 </r>
       <r>    -0.4649     2.3664     8.2847 </r>
       <r>    -0.3930     4.0310     8.5746 </r>
       <r>    -0.3210     5.3302     8.9581 </r>
       <r>    -0.2491     5.4716     9.3517 </r>
       <r>    -0.1772     4.3603     9.6653 </r>
       <r>    -0.1052     2.6974     9.8594 </r>
       <r>    -0.0333     1.2955     9.9525 </r>
       <r>     0.0386     0.4851     9.9874 </r>
       <r>     0.1106     0.1553     9.9986 </r>
       <r>     0.1825     0.1131    10.0068 </r>
       <r>     0.2544     0.3416    10.0313 </r>
       <r>     0.3264     1.0975    10.1103 </r>
       <r>     0.3983     2.8598    10.3160 </r>
       <r>     0.4702     5.9971    10.7474 </r>
       <r>     0.5422    10.1652    11.4786 </r>
       <r>     0.6141    13.9586    12.4827 </r>
       <r>     0.6861    15.5118    13.5986 </r>
       <r>     0.7580    13.8942    14.5981 </r>
       <r>     0.8299     9.9722    15.3154 </r>
       <r>     0.9019     5.6985    15.7253 </r>
       <r>     0.9738     2.5771    15.9107 </r>
       <r>     1.0457     0.9178    15.9767 </r>
       <r>     1.1177     0.2564    15.9952 </r>
       <r>     1.1896     0.0560    15.9992 </r>
       <r>     1.2615     0.0096    15.9999 </r>
       <r>     1.3335     0.0013    16.0000 </r>
       <r>     1.4054     0.0001    16.0000 </r>
       <r>     1.4773     0.0000    16.0000 </r>
       <r>     1.5493     0.0000    16.0000 </r>
       <r>     1.6212     0.0000    16.0000 </r>
       <r>     1.6931     0.0000    16.0000 </r>
       <r>     1.7651     0.0000    16.0000 </r>
       <r>     1.8370     0.0000    16.0000 </r>
       <r>     1.9089     0.0000    16.0000 </r>
       <r>     1.9809     0.0000    16.0000 </r>
       <r>     2.0528     0.0000    16.0000 </r>
       <r>     2.1248     0.0000    16.0000 </r>
       <r>     2.1967     0.0000    16.0000 </r>
       <r>     2.2686     0.0000    16.0000 </r>
       <r>     2.3406     0.0000    16.0000 </r>
       <r>     2.4125     0.0000    16.0000 </r>
       <r>     2.4844     0.0000    16.0000 </r>
       <r>     2.5564     0.0000    16.0000 </r>
       <r>     2.6283     0.0000    16.0000 </r>
       <r>     2.7002     0.0000    16.0000 </r>
      </set>
     </set>
    </array>
   </total>
  </dos>
 </calculation>
 <structure name="finalpos" >
  <crystal>
   <varray name="basis" >
    <v>      10.00000000       0.00000000       0.00000000 </v>
    <v>       0.00000000      10.00000000       0.00000000 </v>
    <v>       0.00000000       0.00000000      10.00000000 </v>
   </varray>
   <i name="volume">   1000.00000000 </i>
   <varray name="rec_basis" >
    <v>       0.10000000       0.00000000       0.00000000 </v>
    <v>       0.00000000       0.10000000       0.00000000 </v>
    <v>       0.00000000       0.00000000       0.10000000 </v>
   </varray>
  </crystal>
  <varray name="positions" >
   <v>       0.53816047       0.40685640       0.36057020 </v>
   <v>       0.39454484       0.48031630       0.43846725 </v>
   <v>       0.55209520       0.56544489       0.44270792 </v>
   <v>       0.52819203       0.41640954       0.53918353 </v>
   <v>       0.50324921       0.46725665       0.44523242 </v>
  </varray>
  <varray name="velocities" >
   <v>       0.00000075      -0.00000019       0.00000032 </v>
   <v>       0.00000002      -0.00000071      -0.00000033 </v>
   <v>       0.00000070      -0.00000046      -0.00000018 </v>
   <v>       0.00000101      -0.00000060      -0.00000048 </v>
   <v>      -0.00000021       0.00000016       0.00000006 </v>
  </varray>
 </structure>
</modeling>
