<?xml version="1.0" encoding="ISO-8859-1"?>
<modeling>
 <generator>
  <i name="program" type="string">vasp </i>
  <i name="version" type="string">5.4.4.18Apr17-6-g9f103f2a35  </i>
  <i name="subversion" type="string">(build Nov 25 2021 15:25:00) complex            parallel </i>
  <i name="platform" type="string">LinuxIFC </i>
  <i name="date" type="string">2022 02 21 </i>
  <i name="time" type="string">10:13:11 </i>
 </generator>
 <incar>
  <i type="string" name="PREC">a</i>
  <i type="string" name="ALGO">Fast</i>
  <i type="int" name="NELM">   120</i>
  <i type="int" name="NELMIN">     4</i>
  <i type="int" name="IBRION">     2</i>
  <i name="EDIFF">      0.00000100</i>
  <i type="int" name="NSW">    50</i>
  <i type="int" name="ISIF">     2</i>
  <i type="int" name="ISYM">     0</i>
  <i name="ENCUT">    400.00000000</i>
  <i type="logical" name="LREAL"> F  </i>
  <i type="int" name="ISMEAR">     0</i>
  <i name="SIGMA">      0.20000000</i>
  <i name="KSPACING">      0.50000000</i>
  <i type="logical" name="KGAMMA"> F  </i>
  <i name="PSTRESS">      0.00000000</i>
  <i type="logical" name="LWAVE"> F  </i>
  <i type="logical" name="LCHARG"> F  </i>
  <v type="int" name="KPOINT_BSE">    -1     0     0     0</v>
  <i type="int" name="NELM">   120</i>
 </incar>
 <structure name="primitive_cell" >
  <crystal>
   <varray name="basis" >
    <v>      10.00000000       0.00000000       0.00000000 </v>
    <v>       0.00000000      10.00000000       0.00000000 </v>
    <v>       0.00000000       0.00000000      10.00000000 </v>
   </varray>
   <i name="volume">   1000.00000000 </i>
   <varray name="rec_basis" >
    <v>       0.10000000       0.00000000       0.00000000 </v>
    <v>       0.00000000       0.10000000       0.00000000 </v>
    <v>       0.00000000       0.00000000       0.10000000 </v>
   </varray>
  </crystal>
  <varray name="positions" >
   <v>      -0.46184600       0.40686100       0.36057300 </v>
   <v>      -0.49674900       0.46725500       0.44523200 </v>
   <v>       0.39454000       0.48032100       0.43846900 </v>
   <v>      -0.44790800      -0.43455000       0.44270900 </v>
   <v>      -0.47181500       0.41641500      -0.46081700 </v>
  </varray>
 </structure>
 <varray name="primitive_index" >
  <v type="int" >        1 </v>
  <v type="int" >        5 </v>
  <v type="int" >        2 </v>
  <v type="int" >        3 </v>
  <v type="int" >        4 </v>
 </varray>
 <kpoints>
  <generation param="Monkhorst-Pack">
   <v type="int" name="divisions">       2        2        2 </v>
   <v name="usershift">      0.00000000       0.00000000       0.00000000 </v>
   <v name="genvec1">      0.50000000       0.00000000       0.00000000 </v>
   <v name="genvec2">      0.00000000       0.50000000       0.00000000 </v>
   <v name="genvec3">      0.00000000       0.00000000       0.50000000 </v>
   <v name="shift">      0.50000000       0.50000000       0.50000000 </v>
  </generation>
  <varray name="kpointlist" >
   <v>       0.25000000       0.25000000       0.25000000 </v>
   <v>      -0.25000000       0.25000000       0.25000000 </v>
   <v>       0.25000000      -0.25000000       0.25000000 </v>
   <v>      -0.25000000      -0.25000000       0.25000000 </v>
  </varray>
  <varray name="weights" >
   <v>       0.25000000 </v>
   <v>       0.25000000 </v>
   <v>       0.25000000 </v>
   <v>       0.25000000 </v>
  </varray>
 </kpoints>
 <parameters>
  <separator name="general" >
   <i type="string" name="SYSTEM">unknown system</i>
   <i type="logical" name="LCOMPAT"> F  </i>
  </separator>
  <separator name="electronic" >
   <i type="string" name="PREC">a</i>
   <i name="ENMAX">    400.00000000</i>
   <i name="ENAUG">    644.87300000</i>
   <i name="EDIFF">      0.00000100</i>
   <i type="int" name="IALGO">    68</i>
   <i type="int" name="IWAVPR">    11</i>
   <i type="int" name="NBANDS">     8</i>
   <i name="NELECT">      8.00000000</i>
   <i type="int" name="TURBO">     0</i>
   <i type="int" name="IRESTART">     0</i>
   <i type="int" name="NREBOOT">     0</i>
   <i type="int" name="NMIN">     0</i>
   <i name="EREF">      0.00000000</i>
   <separator name="electronic smearing" >
    <i type="int" name="ISMEAR">     0</i>
    <i name="SIGMA">      0.20000000</i>
    <i name="KSPACING">      0.50000000</i>
    <i type="logical" name="KGAMMA"> F  </i>
   </separator>
   <separator name="electronic projectors" >
    <i type="logical" name="LREAL"> F  </i>
    <v name="ROPT">      0.00000000      0.00000000</v>
    <i type="int" name="LMAXPAW">  -100</i>
    <i type="int" name="LMAXMIX">     2</i>
    <i type="logical" name="NLSPLINE"> F  </i>
   </separator>
   <separator name="electronic startup" >
    <i type="int" name="ISTART">     0</i>
    <i type="int" name="ICHARG">     2</i>
    <i type="int" name="INIWAV">     1</i>
   </separator>
   <separator name="electronic spin" >
    <i type="int" name="ISPIN">     1</i>
    <i type="logical" name="LNONCOLLINEAR"> F  </i>
    <v name="MAGMOM">      1.00000000      1.00000000      1.00000000      1.00000000      1.00000000</v>
    <i name="NUPDOWN">     -1.00000000</i>
    <i type="logical" name="LSORBIT"> F  </i>
    <v name="SAXIS">      0.00000000      0.00000000      1.00000000</v>
    <i type="logical" name="LSPIRAL"> F  </i>
    <v name="QSPIRAL">      0.00000000      0.00000000      0.00000000</v>
    <i type="logical" name="LZEROZ"> F  </i>
   </separator>
   <separator name="electronic exchange-correlation" >
    <i type="logical" name="LASPH"> F  </i>
    <i type="logical" name="LMETAGGA"> F  </i>
   </separator>
   <separator name="electronic convergence" >
    <i type="int" name="NELM">   120</i>
    <i type="int" name="NELMDL">    -5</i>
    <i type="int" name="NELMIN">     4</i>
    <i name="ENINI">    400.00000000</i>
    <separator name="electronic convergence detail" >
     <i type="logical" name="LDIAG"> T  </i>
     <i type="logical" name="LSUBROT"> F  </i>
     <i name="WEIMIN">      0.00100000</i>
     <i name="EBREAK">      0.00000003</i>
     <i name="DEPER">      0.30000000</i>
     <i type="int" name="NRMM">     4</i>
     <i name="TIME">      0.40000000</i>
    </separator>
   </separator>
   <separator name="electronic mixer" >
    <i name="AMIX">      0.40000000</i>
    <i name="BMIX">      1.00000000</i>
    <i name="AMIN">      0.10000000</i>
    <i name="AMIX_MAG">      1.60000000</i>
    <i name="BMIX_MAG">      1.00000000</i>
    <separator name="electronic mixer details" >
     <i type="int" name="IMIX">     4</i>
     <i type="logical" name="MIXFIRST"> F  </i>
     <i type="int" name="MAXMIX">   -45</i>
     <i name="WC">    100.00000000</i>
     <i type="int" name="INIMIX">     1</i>
     <i type="int" name="MIXPRE">     1</i>
     <i type="int" name="MREMOVE">     5</i>
    </separator>
   </separator>
   <separator name="electronic dipolcorrection" >
    <i type="logical" name="LDIPOL"> F  </i>
    <i type="logical" name="LMONO"> F  </i>
    <i type="int" name="IDIPOL">     0</i>
    <i name="EPSILON">      1.00000000</i>
    <v name="DIPOL">   -100.00000000   -100.00000000   -100.00000000</v>
    <i name="EFIELD">      0.00000000</i>
   </separator>
  </separator>
  <separator name="grids" >
   <i type="int" name="NGX">    70</i>
   <i type="int" name="NGY">    70</i>
   <i type="int" name="NGZ">    70</i>
   <i type="int" name="NGXF">   140</i>
   <i type="int" name="NGYF">   140</i>
   <i type="int" name="NGZF">   140</i>
   <i type="logical" name="ADDGRID"> F  </i>
  </separator>
  <separator name="ionic" >
   <i type="int" name="NSW">    50</i>
   <i type="int" name="IBRION">     2</i>
   <i type="int" name="MDALGO">     0</i>
   <i type="int" name="ISIF">     2</i>
   <i name="PSTRESS">      0.00000000</i>
   <i name="EDIFFG">      0.00001000</i>
   <i type="int" name="NFREE">     1</i>
   <i name="POTIM">      0.50000000</i>
   <i name="SMASS">     -3.00000000</i>
   <i name="SCALEE">      1.00000000</i>
  </separator>
  <separator name="ionic md" >
   <i name="TEBEG">      0.00010000</i>
   <i name="TEEND">      0.00010000</i>
   <i type="int" name="NBLOCK">     1</i>
   <i type="int" name="KBLOCK">    50</i>
   <i type="int" name="NPACO">   256</i>
   <i name="APACO">     16.00000000</i>
  </separator>
  <separator name="symmetry" >
   <i type="int" name="ISYM">     0</i>
   <i name="SYMPREC">      0.00001000</i>
  </separator>
  <separator name="dos" >
   <i type="int" name="LORBIT">     0</i>
   <v name="RWIGS">     -1.00000000     -1.00000000</v>
   <i type="int" name="NEDOS">   301</i>
   <i name="EMIN">     10.00000000</i>
   <i name="EMAX">    -10.00000000</i>
   <i name="EFERMI">      0.00000000</i>
  </separator>
  <separator name="writing" >
   <i type="int" name="NWRITE">     2</i>
   <i type="logical" name="LWAVE"> F  </i>
   <i type="logical" name="LDOWNSAMPLE"> F  </i>
   <i type="logical" name="LCHARG"> F  </i>
   <i type="logical" name="LPARD"> F  </i>
   <i type="logical" name="LVTOT"> F  </i>
   <i type="logical" name="LVHAR"> F  </i>
   <i type="logical" name="LELF"> F  </i>
   <i type="logical" name="LOPTICS"> F  </i>
   <v name="STM">      0.00000000      0.00000000      0.00000000      0.00000000      0.00000000      0.00000000      0.00000000</v>
  </separator>
  <separator name="performance" >
   <i type="int" name="NPAR">     4</i>
   <i type="int" name="NSIM">     4</i>
   <i type="int" name="NBLK">    -1</i>
   <i type="logical" name="LPLANE"> T  </i>
   <i type="logical" name="LSCALAPACK"> T  </i>
   <i type="logical" name="LSCAAWARE"> F  </i>
   <i type="logical" name="LSCALU"> F  </i>
   <i type="logical" name="LASYNC"> F  </i>
   <i type="logical" name="LORBITALREAL"> F  </i>
  </separator>
  <separator name="miscellaneous" >
   <i type="int" name="IDIOT">     3</i>
   <i type="int" name="ISPECIAL">     0</i>
   <i type="logical" name="LMUSIC"> F  </i>
   <v name="POMASS">      1.00000000     12.01100000</v>
   <v name="DARWINR">      0.00000000      0.00000000</v>
   <v name="DARWINV">      1.00000000      1.00000000</v>
   <i type="logical" name="LCORR"> T  </i>
  </separator>
  <i type="logical" name="GGA_COMPAT"> T  </i>
  <i type="logical" name="LBERRY"> F  </i>
  <i type="int" name="ICORELEVEL">     0</i>
  <i type="logical" name="LDAU"> F  </i>
  <i type="int" name="I_CONSTRAINED_M">     0</i>
  <separator name="electronic exchange-correlation" >
   <i type="string" name="GGA">--</i>
   <i type="int" name="VOSKOWN">     0</i>
   <i type="logical" name="LHFCALC"> F  </i>
   <i type="string" name="PRECFOCK"></i>
   <i type="logical" name="LSYMGRAD"> F  </i>
   <i type="logical" name="LHFONE"> F  </i>
   <i type="logical" name="LRHFCALC"> F  </i>
   <i type="logical" name="LTHOMAS"> F  </i>
   <i type="logical" name="LMODELHF"> F  </i>
   <i name="ENCUT4O">     -1.00000000</i>
   <i type="int" name="EXXOEP">     0</i>
   <i type="int" name="FOURORBIT">     0</i>
   <i name="AEXX">      0.00000000</i>
   <i name="HFALPHA">      0.00000000</i>
   <i name="MCALPHA">      0.00000000</i>
   <i name="ALDAX">      1.00000000</i>
   <i name="AGGAX">      1.00000000</i>
   <i name="ALDAC">      1.00000000</i>
   <i name="AGGAC">      1.00000000</i>
   <i type="int" name="NKREDX">     1</i>
   <i type="int" name="NKREDY">     1</i>
   <i type="int" name="NKREDZ">     1</i>
   <i type="logical" name="SHIFTRED"> F  </i>
   <i type="logical" name="ODDONLY"> F  </i>
   <i type="logical" name="EVENONLY"> F  </i>
   <i type="int" name="LMAXFOCK">     0</i>
   <i type="int" name="NMAXFOCKAE">     0</i>
   <i type="logical" name="LFOCKAEDFT"> F  </i>
   <i name="HFSCREEN">      0.00000000</i>
   <i name="HFSCREENC">      0.00000000</i>
   <i type="int" name="NBANDSGWLOW">     0</i>
  </separator>
  <separator name="vdW DFT" >
   <i type="logical" name="LUSE_VDW"> F  </i>
   <i name="Zab_VDW">     -0.84910000</i>
   <i name="PARAM1">      0.12340000</i>
   <i name="PARAM2">      1.00000000</i>
   <i name="PARAM3">      0.00000000</i>
  </separator>
  <separator name="model GW" >
   <i type="int" name="MODEL_GW">     0</i>
   <i name="MODEL_EPS0">    120.00000000</i>
   <i name="MODEL_ALPHA">      1.00000000</i>
  </separator>
  <separator name="linear response parameters" >
   <i type="logical" name="LEPSILON"> F  </i>
   <i type="logical" name="LRPA"> F  </i>
   <i type="logical" name="LNABLA"> F  </i>
   <i type="logical" name="LVEL"> F  </i>
   <i type="int" name="KINTER">     0</i>
   <i name="CSHIFT">      0.10000000</i>
   <i name="OMEGAMAX">     -1.00000000</i>
   <i name="DEG_THRESHOLD">      0.00200000</i>
   <i name="RTIME">     -0.10000000</i>
   <i name="WPLASMAI">      0.00000000</i>
   <v name="DFIELD">      0.00000000      0.00000000      0.00000000</v>
   <v name="WPLASMA">      0.00000000      0.00000000      0.00000000      0.00000000      0.00000000      0.00000000      0.00000000      0.00000000      0.00000000</v>
  </separator>
  <separator name="orbital magnetization" >
   <i type="logical" name="NUCIND"> F  </i>
   <v name="MAGPOS">      0.00000000      0.00000000      0.00000000</v>
   <i type="logical" name="LNICSALL"> T  </i>
   <i type="logical" name="ORBITALMAG"> F  </i>
   <i type="logical" name="LMAGBLOCH"> F  </i>
   <i type="logical" name="LCHIMAG"> F  </i>
   <i type="logical" name="LGAUGE"> T  </i>
   <i type="int" name="MAGATOM">     0</i>
   <v name="MAGDIPOL">      0.00000000      0.00000000      0.00000000</v>
   <v name="AVECCONST">      0.00000000      0.00000000      0.00000000</v>
  </separator>
  <separator name="response functions" >
   <i type="logical" name="LADDER"> F  </i>
   <i type="logical" name="LRPAFORCE"> F  </i>
   <i type="logical" name="LFXC"> F  </i>
   <i type="logical" name="LHARTREE"> T  </i>
   <i type="int" name="IBSE">     0</i>
   <v type="int" name="KPOINT">    -1     0     0     0</v>
   <i type="logical" name="LTCTE"> F  </i>
   <i type="logical" name="LTETE"> F  </i>
   <i type="logical" name="LTRIPLET"> F  </i>
   <i type="logical" name="LFXCEPS"> F  </i>
   <i type="logical" name="LFXHEG"> F  </i>
   <i type="int" name="NATURALO">     2</i>
   <i type="logical" name="L2ORDER"> F  </i>
   <i type="logical" name="LMP2LT"> F  </i>
   <i type="logical" name="LUSEW"> F  </i>
   <i name="ENCUTGW">     -2.00000000</i>
   <i name="ENCUTGWSOFT">     -2.00000000</i>
   <i name="ENCUTLF">     -1.00000000</i>
   <i type="int" name="LMAXMP2">    -1</i>
   <i name="SCISSOR">      0.00000000</i>
   <i type="int" name="NOMEGA">     0</i>
   <i type="int" name="NOMEGAR">     0</i>
   <i type="int" name="NBANDSGW">    -1</i>
   <i type="int" name="NBANDSO">    -1</i>
   <i type="int" name="NBANDSV">    -1</i>
   <i type="int" name="NELM">   120</i>
   <i type="int" name="NELMHF">     1</i>
   <i type="int" name="DIM">     3</i>
   <i type="int" name="ANTIRES">     0</i>
   <i name="OMEGAMAX">    -30.00000000</i>
   <i name="OMEGAMIN">    -30.00000000</i>
   <i name="OMEGATL">   -200.00000000</i>
   <i type="int" name="OMEGAGRID">   140</i>
   <i name="CSHIFT">     -0.10000000</i>
   <i type="logical" name="SELFENERGY"> F  </i>
   <i type="logical" name="LSPECTRAL"> F  </i>
   <i type="logical" name="LSPECTRALGW"> F  </i>
   <i type="logical" name="LSINGLES"> F  </i>
   <i type="logical" name="LFERMIGW"> F  </i>
   <i type="logical" name="ODDONLYGW"> F  </i>
   <i type="logical" name="EVENONLYGW"> F  </i>
   <i type="int" name="NKREDLFX">     1</i>
   <i type="int" name="NKREDLFY">     1</i>
   <i type="int" name="NKREDLFZ">     1</i>
   <i type="int" name="MAXMEM">  2800</i>
   <i type="int" name="TELESCOPE">     0</i>
   <i type="int" name="TAUPAR">     1</i>
   <i type="int" name="OMEGAPAR">    -1</i>
   <i name="LAMBDA">      1.00000000</i>
  </separator>
  <separator name="External order field" >
   <i name="OFIELD_KAPPA">      0.00000000</i>
   <v name="OFIELD_K">      0.00000000      0.00000000      0.00000000</v>
   <i name="OFIELD_Q6_NEAR">      0.00000000</i>
   <i name="OFIELD_Q6_FAR">      0.00000000</i>
   <i name="OFIELD_A">      0.00000000</i>
  </separator>
 </parameters>
 <atominfo>
  <atoms>       5 </atoms>
  <types>       2 </types>
  <array name="atoms" >
   <dimension dim="1">ion</dimension>
   <field type="string">element</field>
   <field type="int">atomtype</field>
   <set>
    <rc><c>H </c><c>   1</c></rc>
    <rc><c>H </c><c>   1</c></rc>
    <rc><c>H </c><c>   1</c></rc>
    <rc><c>H </c><c>   1</c></rc>
    <rc><c>C </c><c>   2</c></rc>
   </set>
  </array>
  <array name="atomtypes" >
   <dimension dim="1">type</dimension>
   <field type="int">atomspertype</field>
   <field type="string">element</field>
   <field>mass</field>
   <field>valence</field>
   <field type="string">pseudopotential</field>
   <set>
    <rc><c>   4</c><c>H </c><c>      1.00000000</c><c>      1.00000000</c><c>  PAW_PBE H 15Jun2001                   </c></rc>
    <rc><c>   1</c><c>C </c><c>     12.01100000</c><c>      4.00000000</c><c>  PAW_PBE C 08Apr2002                   </c></rc>
   </set>
  </array>
 </atominfo>
 <structure name="initialpos" >
  <crystal>
   <varray name="basis" >
    <v>      10.00000000       0.00000000       0.00000000 </v>
    <v>       0.00000000      10.00000000       0.00000000 </v>
    <v>       0.00000000       0.00000000      10.00000000 </v>
   </varray>
   <i name="volume">   1000.00000000 </i>
   <varray name="rec_basis" >
    <v>       0.10000000       0.00000000       0.00000000 </v>
    <v>       0.00000000       0.10000000       0.00000000 </v>
    <v>       0.00000000       0.00000000       0.10000000 </v>
   </varray>
  </crystal>
  <varray name="positions" >
   <v>       0.53815400       0.40686100       0.36057300 </v>
   <v>       0.39454000       0.48032100       0.43846900 </v>
   <v>       0.55209200       0.56545000       0.44270900 </v>
   <v>       0.52818500       0.41641500       0.53918300 </v>
   <v>       0.50325100       0.46725500       0.44523200 </v>
  </varray>
 </structure>
 <calculation>
  <scstep>
   <time name="dav">    0.19    0.22</time>
   <time name="total">    0.34    0.37</time>
   <energy>
    <i name="alphaZ">      0.24225079 </i>
    <i name="ewald">    128.68319766 </i>
    <i name="hartreedc">   -243.96721208 </i>
    <i name="XCdc">     22.00908997 </i>
    <i name="pawpsdc">    117.05815612 </i>
    <i name="pawaedc">   -117.66307307 </i>
    <i name="eentropy">     -0.00000000 </i>
    <i name="bandstr">    -92.94279529 </i>
    <i name="atom">    197.04175453 </i>
    <i name="e_fr_energy">     10.46136865 </i>
    <i name="e_wo_entrp">     10.46136865 </i>
    <i name="e_0_energy">     10.46136865 </i>
   </energy>
  </scstep>
  <scstep>
   <time name="dav">    0.14    0.14</time>
   <time name="total">    0.14    0.14</time>
   <energy>
    <i name="e_fr_energy">    -24.02811882 </i>
    <i name="e_wo_entrp">    -24.02811882 </i>
    <i name="e_0_energy">    -24.02811882 </i>
   </energy>
  </scstep>
  <scstep>
   <time name="dav">    0.14    0.14</time>
   <time name="total">    0.14    0.14</time>
   <energy>
    <i name="e_fr_energy">    -27.42324289 </i>
    <i name="e_wo_entrp">    -27.42324289 </i>
    <i name="e_0_energy">    -27.42324289 </i>
   </energy>
  </scstep>
  <scstep>
   <time name="dav">    0.24    0.24</time>
   <time name="total">    0.24    0.24</time>
   <energy>
    <i name="e_fr_energy">    -27.55508842 </i>
    <i name="e_wo_entrp">    -27.55508842 </i>
    <i name="e_0_energy">    -27.55508842 </i>
   </energy>
  </scstep>
  <scstep>
   <time name="dav">    0.20    0.20</time>
   <time name="total">    0.23    0.23</time>
   <energy>
    <i name="e_fr_energy">    -27.55512411 </i>
    <i name="e_wo_entrp">    -27.55512411 </i>
    <i name="e_0_energy">    -27.55512411 </i>
   </energy>
  </scstep>
  <scstep>
   <time name="diag">    0.04    0.05</time>
   <time name="diis">    0.14    0.14</time>
   <time name="orth">    0.00    0.00</time>
   <time name="total">    0.34    0.35</time>
   <energy>
    <i name="e_fr_energy">    -24.66530286 </i>
    <i name="e_wo_entrp">    -24.66530286 </i>
    <i name="e_0_energy">    -24.66530286 </i>
   </energy>
  </scstep>
  <scstep>
   <time name="diag">    0.03    0.03</time>
   <time name="diis">    0.14    0.14</time>
   <time name="orth">    0.00    0.00</time>
   <time name="total">    0.34    0.34</time>
   <energy>
    <i name="e_fr_energy">    -24.17266219 </i>
    <i name="e_wo_entrp">    -24.17266219 </i>
    <i name="e_0_energy">    -24.17266219 </i>
   </energy>
  </scstep>
  <scstep>
   <time name="diag">    0.04    0.04</time>
   <time name="diis">    0.15    0.15</time>
   <time name="orth">    0.00    0.00</time>
   <time name="total">    0.34    0.34</time>
   <energy>
    <i name="e_fr_energy">    -24.02646174 </i>
    <i name="e_wo_entrp">    -24.02646174 </i>
    <i name="e_0_energy">    -24.02646174 </i>
   </energy>
  </scstep>
  <scstep>
   <time name="diag">    0.03    0.03</time>
   <time name="diis">    0.15    0.15</time>
   <time name="orth">    0.00    0.00</time>
   <time name="total">    0.34    0.34</time>
   <energy>
    <i name="e_fr_energy">    -24.02080132 </i>
    <i name="e_wo_entrp">    -24.02080132 </i>
    <i name="e_0_energy">    -24.02080132 </i>
   </energy>
  </scstep>
  <scstep>
   <time name="diag">    0.03    0.03</time>
   <time name="diis">    0.15    0.15</time>
   <time name="orth">    0.00    0.00</time>
   <time name="total">    0.34    0.34</time>
   <energy>
    <i name="e_fr_energy">    -24.01467435 </i>
    <i name="e_wo_entrp">    -24.01467435 </i>
    <i name="e_0_energy">    -24.01467435 </i>
   </energy>
  </scstep>
  <scstep>
   <time name="diag">    0.03    0.03</time>
   <time name="diis">    0.15    0.15</time>
   <time name="orth">    0.00    0.00</time>
   <time name="total">    0.34    0.34</time>
   <energy>
    <i name="e_fr_energy">    -24.01526243 </i>
    <i name="e_wo_entrp">    -24.01526243 </i>
    <i name="e_0_energy">    -24.01526243 </i>
   </energy>
  </scstep>
  <scstep>
   <time name="diag">    0.03    0.03</time>
   <time name="diis">    0.15    0.15</time>
   <time name="orth">    0.00    0.00</time>
   <time name="total">    0.33    0.33</time>
   <energy>
    <i name="e_fr_energy">    -24.02513853 </i>
    <i name="e_wo_entrp">    -24.02513853 </i>
    <i name="e_0_energy">    -24.02513853 </i>
   </energy>
  </scstep>
  <scstep>
   <time name="diag">    0.03    0.03</time>
   <time name="diis">    0.15    0.15</time>
   <time name="orth">    0.00    0.00</time>
   <time name="total">    0.33    0.33</time>
   <energy>
    <i name="e_fr_energy">    -24.02553201 </i>
    <i name="e_wo_entrp">    -24.02553201 </i>
    <i name="e_0_energy">    -24.02553201 </i>
   </energy>
  </scstep>
  <scstep>
   <time name="diag">    0.03    0.03</time>
   <time name="diis">    0.15    0.15</time>
   <time name="orth">    0.00    0.00</time>
   <time name="total">    0.33    0.33</time>
   <energy>
    <i name="e_fr_energy">    -24.02838111 </i>
    <i name="e_wo_entrp">    -24.02838111 </i>
    <i name="e_0_energy">    -24.02838111 </i>
   </energy>
  </scstep>
  <scstep>
   <time name="diag">    0.03    0.03</time>
   <time name="diis">    0.15    0.15</time>
   <time name="orth">    0.00    0.00</time>
   <time name="total">    0.33    0.33</time>
   <energy>
    <i name="e_fr_energy">    -24.02854897 </i>
    <i name="e_wo_entrp">    -24.02854897 </i>
    <i name="e_0_energy">    -24.02854897 </i>
   </energy>
  </scstep>
  <scstep>
   <time name="diag">    0.03    0.03</time>
   <time name="diis">    0.15    0.15</time>
   <time name="orth">    0.00    0.00</time>
   <time name="total">    0.33    0.33</time>
   <energy>
    <i name="e_fr_energy">    -24.02876461 </i>
    <i name="e_wo_entrp">    -24.02876461 </i>
    <i name="e_0_energy">    -24.02876461 </i>
   </energy>
  </scstep>
  <scstep>
   <time name="diag">    0.03    0.03</time>
   <time name="diis">    0.14    0.14</time>
   <time name="orth">    0.00    0.00</time>
   <time name="total">    0.33    0.33</time>
   <energy>
    <i name="e_fr_energy">    -24.02877052 </i>
    <i name="e_wo_entrp">    -24.02877052 </i>
    <i name="e_0_energy">    -24.02877052 </i>
   </energy>
  </scstep>
  <scstep>
   <time name="diag">    0.03    0.03</time>
   <time name="diis">    0.15    0.15</time>
   <time name="orth">    0.00    0.00</time>
   <time name="total">    0.33    0.33</time>
   <energy>
    <i name="e_fr_energy">    -24.02878728 </i>
    <i name="e_wo_entrp">    -24.02878728 </i>
    <i name="e_0_energy">    -24.02878728 </i>
   </energy>
  </scstep>
  <scstep>
   <time name="diag">    0.03    0.03</time>
   <time name="diis">    0.11    0.11</time>
   <time name="orth">    0.00    0.00</time>
   <time name="total">    0.30    0.30</time>
   <energy>
    <i name="e_fr_energy">    -24.02878872 </i>
    <i name="e_wo_entrp">    -24.02878872 </i>
    <i name="e_0_energy">    -24.02878872 </i>
   </energy>
  </scstep>
  <scstep>
   <time name="diag">    0.03    0.03</time>
   <time name="diis">    0.12    0.12</time>
   <time name="orth">    0.00    0.00</time>
   <time name="total">    0.31    0.31</time>
   <energy>
    <i name="e_fr_energy">    -24.02879004 </i>
    <i name="e_wo_entrp">    -24.02879004 </i>
    <i name="e_0_energy">    -24.02879004 </i>
   </energy>
  </scstep>
  <scstep>
   <time name="diag">    0.03    0.03</time>
   <time name="diis">    0.11    0.11</time>
   <time name="orth">    0.00    0.00</time>
   <time name="total">    0.28    0.28</time>
   <energy>
    <i name="alphaZ">      0.24225079 </i>
    <i name="ewald">    128.68319766 </i>
    <i name="hartreedc">   -284.47667239 </i>
    <i name="XCdc">     24.74088183 </i>
    <i name="pawpsdc">    466.67560851 </i>
    <i name="pawaedc">   -467.46274757 </i>
    <i name="eentropy">     -0.00000000 </i>
    <i name="bandstr">    -89.47306357 </i>
    <i name="atom">    197.04175453 </i>
    <i name="e_fr_energy">    -24.02879020 </i>
    <i name="e_wo_entrp">    -24.02879020 </i>
    <i name="e_0_energy">    -24.02879020 </i>
   </energy>
  </scstep>
  <structure>
   <crystal>
    <varray name="basis" >
     <v>      10.00000000       0.00000000       0.00000000 </v>
     <v>       0.00000000      10.00000000       0.00000000 </v>
     <v>       0.00000000       0.00000000      10.00000000 </v>
    </varray>
    <i name="volume">   1000.00000000 </i>
    <varray name="rec_basis" >
     <v>       0.10000000       0.00000000       0.00000000 </v>
     <v>       0.00000000       0.10000000       0.00000000 </v>
     <v>       0.00000000       0.00000000       0.10000000 </v>
    </varray>
   </crystal>
   <varray name="positions" >
    <v>       0.53815400       0.40686100       0.36057300 </v>
    <v>       0.39454000       0.48032100       0.43846900 </v>
    <v>       0.55209200       0.56545000       0.44270900 </v>
    <v>       0.52818500       0.41641500       0.53918300 </v>
    <v>       0.50325100       0.46725500       0.44523200 </v>
   </varray>
  </structure>
  <varray name="forces" >
   <v>       0.00082734      -0.00072554      -0.00078648 </v>
   <v>       0.00099280      -0.00038340      -0.00011827 </v>
   <v>       0.00021347      -0.00061963      -0.00008634 </v>
   <v>       0.00075749      -0.00061790       0.00045116 </v>
   <v>      -0.00279110       0.00234647       0.00053992 </v>
  </varray>
  <varray name="stress" >
   <v>      -0.61979906      -0.00064806      -0.00041008 </v>
   <v>      -0.00064806      -0.61875523       0.00046950 </v>
   <v>      -0.00041008       0.00046950      -0.61814105 </v>
  </varray>
  <energy>
   <i name="e_fr_energy">    -24.02879020 </i>
   <i name="e_wo_entrp">    -24.02879020 </i>
   <i name="e_0_energy">     -0.00000000 </i>
  </energy>
  <time name="totalsc">    6.81    6.85</time>
  <eigenvalues>
   <array>
    <dimension dim="1">band</dimension>
    <dimension dim="2">kpoint</dimension>
    <dimension dim="3">spin</dimension>
    <field>eigene</field>
    <field>occ</field>
    <set>
     <set comment="spin 1">
      <set comment="kpoint 1">
       <r>  -16.8806    1.0000 </r>
       <r>   -9.2860    1.0000 </r>
       <r>   -9.2853    1.0000 </r>
       <r>   -9.2845    1.0000 </r>
       <r>   -0.3146    0.0000 </r>
       <r>    0.5655    0.0000 </r>
       <r>    0.6719    0.0000 </r>
       <r>    0.6959    0.0000 </r>
      </set>
      <set comment="kpoint 2">
       <r>  -16.8806    1.0000 </r>
       <r>   -9.2861    1.0000 </r>
       <r>   -9.2854    1.0000 </r>
       <r>   -9.2845    1.0000 </r>
       <r>   -0.3147    0.0000 </r>
       <r>    0.5610    0.0000 </r>
       <r>    0.6693    0.0000 </r>
       <r>    0.6983    0.0000 </r>
      </set>
      <set comment="kpoint 3">
       <r>  -16.8806    1.0000 </r>
       <r>   -9.2861    1.0000 </r>
       <r>   -9.2853    1.0000 </r>
       <r>   -9.2845    1.0000 </r>
       <r>   -0.3146    0.0000 </r>
       <r>    0.5608    0.0000 </r>
       <r>    0.6711    0.0000 </r>
       <r>    0.6980    0.0000 </r>
      </set>
      <set comment="kpoint 4">
       <r>  -16.8806    1.0000 </r>
       <r>   -9.2860    1.0000 </r>
       <r>   -9.2853    1.0000 </r>
       <r>   -9.2845    1.0000 </r>
       <r>   -0.3146    0.0000 </r>
       <r>    0.5647    0.0000 </r>
       <r>    0.6728    0.0000 </r>
       <r>    0.6951    0.0000 </r>
      </set>
     </set>
    </set>
   </array>
  </eigenvalues>
  <separator name="orbital magnetization" >
   <v name="MAGDIPOLOUT">      0.00000000      0.00000000      0.00000000</v>
  </separator>
  <dos>
   <i name="efermi">     -8.30680065 </i>
   <total>
    <array>
     <dimension dim="1">gridpoints</dimension>
     <dimension dim="2">spin</dimension>
     <field>energy</field>
     <field>total</field>
     <field>integrated</field>
     <set>
      <set comment="spin 1">
       <r>   -18.8806     0.0000     0.0000 </r>
       <r>   -18.8087     0.0000     0.0000 </r>
       <r>   -18.7368     0.0000     0.0000 </r>
       <r>   -18.6648     0.0000     0.0000 </r>
       <r>   -18.5929     0.0000     0.0000 </r>
       <r>   -18.5210     0.0000     0.0000 </r>
       <r>   -18.4490     0.0000     0.0000 </r>
       <r>   -18.3771     0.0000     0.0000 </r>
       <r>   -18.3052     0.0000     0.0000 </r>
       <r>   -18.2333     0.0000     0.0000 </r>
       <r>   -18.1613     0.0000     0.0000 </r>
       <r>   -18.0894     0.0000     0.0000 </r>
       <r>   -18.0175     0.0000     0.0000 </r>
       <r>   -17.9455     0.0000     0.0000 </r>
       <r>   -17.8736     0.0000     0.0000 </r>
       <r>   -17.8017     0.0000     0.0000 </r>
       <r>   -17.7297     0.0000     0.0000 </r>
       <r>   -17.6578     0.0000     0.0000 </r>
       <r>   -17.5859     0.0000     0.0000 </r>
       <r>   -17.5140     0.0001     0.0000 </r>
       <r>   -17.4420     0.0009     0.0001 </r>
       <r>   -17.3701     0.0065     0.0005 </r>
       <r>   -17.2982     0.0363     0.0032 </r>
       <r>   -17.2262     0.1582     0.0145 </r>
       <r>   -17.1543     0.5342     0.0530 </r>
       <r>   -17.0824     1.4002     0.1537 </r>
       <r>   -17.0104     2.8488     0.3586 </r>
       <r>   -16.9385     4.4992     0.6822 </r>
       <r>   -16.8666     5.5163     1.0790 </r>
       <r>   -16.7947     5.2506     1.4567 </r>
       <r>   -16.7227     3.8799     1.7358 </r>
       <r>   -16.6508     2.2257     1.8958 </r>
       <r>   -16.5789     0.9910     1.9671 </r>
       <r>   -16.5069     0.3425     1.9918 </r>
       <r>   -16.4350     0.0919     1.9984 </r>
       <r>   -16.3631     0.0191     1.9997 </r>
       <r>   -16.2911     0.0031     2.0000 </r>
       <r>   -16.2192     0.0004     2.0000 </r>
       <r>   -16.1473     0.0000     2.0000 </r>
       <r>   -16.0754     0.0000     2.0000 </r>
       <r>   -16.0034     0.0000     2.0000 </r>
       <r>   -15.9315     0.0000     2.0000 </r>
       <r>   -15.8596     0.0000     2.0000 </r>
       <r>   -15.7876     0.0000     2.0000 </r>
       <r>   -15.7157     0.0000     2.0000 </r>
       <r>   -15.6438     0.0000     2.0000 </r>
       <r>   -15.5718     0.0000     2.0000 </r>
       <r>   -15.4999     0.0000     2.0000 </r>
       <r>   -15.4280     0.0000     2.0000 </r>
       <r>   -15.3561     0.0000     2.0000 </r>
       <r>   -15.2841     0.0000     2.0000 </r>
       <r>   -15.2122     0.0000     2.0000 </r>
       <r>   -15.1403     0.0000     2.0000 </r>
       <r>   -15.0683     0.0000     2.0000 </r>
       <r>   -14.9964     0.0000     2.0000 </r>
       <r>   -14.9245     0.0000     2.0000 </r>
       <r>   -14.8526     0.0000     2.0000 </r>
       <r>   -14.7806     0.0000     2.0000 </r>
       <r>   -14.7087     0.0000     2.0000 </r>
       <r>   -14.6368     0.0000     2.0000 </r>
       <r>   -14.5648     0.0000     2.0000 </r>
       <r>   -14.4929     0.0000     2.0000 </r>
       <r>   -14.4210     0.0000     2.0000 </r>
       <r>   -14.3490     0.0000     2.0000 </r>
       <r>   -14.2771     0.0000     2.0000 </r>
       <r>   -14.2052     0.0000     2.0000 </r>
       <r>   -14.1333     0.0000     2.0000 </r>
       <r>   -14.0613     0.0000     2.0000 </r>
       <r>   -13.9894     0.0000     2.0000 </r>
       <r>   -13.9175     0.0000     2.0000 </r>
       <r>   -13.8455     0.0000     2.0000 </r>
       <r>   -13.7736     0.0000     2.0000 </r>
       <r>   -13.7017     0.0000     2.0000 </r>
       <r>   -13.6297     0.0000     2.0000 </r>
       <r>   -13.5578     0.0000     2.0000 </r>
       <r>   -13.4859     0.0000     2.0000 </r>
       <r>   -13.4140     0.0000     2.0000 </r>
       <r>   -13.3420     0.0000     2.0000 </r>
       <r>   -13.2701     0.0000     2.0000 </r>
       <r>   -13.1982     0.0000     2.0000 </r>
       <r>   -13.1262     0.0000     2.0000 </r>
       <r>   -13.0543     0.0000     2.0000 </r>
       <r>   -12.9824     0.0000     2.0000 </r>
       <r>   -12.9104     0.0000     2.0000 </r>
       <r>   -12.8385     0.0000     2.0000 </r>
       <r>   -12.7666     0.0000     2.0000 </r>
       <r>   -12.6947     0.0000     2.0000 </r>
       <r>   -12.6227     0.0000     2.0000 </r>
       <r>   -12.5508     0.0000     2.0000 </r>
       <r>   -12.4789     0.0000     2.0000 </r>
       <r>   -12.4069     0.0000     2.0000 </r>
       <r>   -12.3350     0.0000     2.0000 </r>
       <r>   -12.2631     0.0000     2.0000 </r>
       <r>   -12.1911     0.0000     2.0000 </r>
       <r>   -12.1192     0.0000     2.0000 </r>
       <r>   -12.0473     0.0000     2.0000 </r>
       <r>   -11.9754     0.0000     2.0000 </r>
       <r>   -11.9034     0.0000     2.0000 </r>
       <r>   -11.8315     0.0000     2.0000 </r>
       <r>   -11.7596     0.0000     2.0000 </r>
       <r>   -11.6876     0.0000     2.0000 </r>
       <r>   -11.6157     0.0000     2.0000 </r>
       <r>   -11.5438     0.0000     2.0000 </r>
       <r>   -11.4719     0.0000     2.0000 </r>
       <r>   -11.3999     0.0000     2.0000 </r>
       <r>   -11.3280     0.0000     2.0000 </r>
       <r>   -11.2561     0.0000     2.0000 </r>
       <r>   -11.1841     0.0000     2.0000 </r>
       <r>   -11.1122     0.0000     2.0000 </r>
       <r>   -11.0403     0.0000     2.0000 </r>
       <r>   -10.9683     0.0000     2.0000 </r>
       <r>   -10.8964     0.0000     2.0000 </r>
       <r>   -10.8245     0.0000     2.0000 </r>
       <r>   -10.7526     0.0000     2.0000 </r>
       <r>   -10.6806     0.0000     2.0000 </r>
       <r>   -10.6087     0.0000     2.0000 </r>
       <r>   -10.5368     0.0000     2.0000 </r>
       <r>   -10.4648     0.0000     2.0000 </r>
       <r>   -10.3929     0.0000     2.0000 </r>
       <r>   -10.3210     0.0000     2.0000 </r>
       <r>   -10.2490     0.0000     2.0000 </r>
       <r>   -10.1771     0.0000     2.0000 </r>
       <r>   -10.1052     0.0000     2.0000 </r>
       <r>   -10.0333     0.0000     2.0000 </r>
       <r>    -9.9613     0.0001     2.0000 </r>
       <r>    -9.8894     0.0007     2.0001 </r>
       <r>    -9.8175     0.0062     2.0005 </r>
       <r>    -9.7455     0.0404     2.0034 </r>
       <r>    -9.6736     0.2044     2.0181 </r>
       <r>    -9.6017     0.8026     2.0758 </r>
       <r>    -9.5297     2.4452     2.2517 </r>
       <r>    -9.4578     5.7816     2.6676 </r>
       <r>    -9.3859    10.6114     3.4309 </r>
       <r>    -9.3140    15.1189     4.5184 </r>
       <r>    -9.2420    16.7229     5.7212 </r>
       <r>    -9.1701    14.3601     6.7542 </r>
       <r>    -9.0982     9.5730     7.4427 </r>
       <r>    -9.0262     4.9540     7.7991 </r>
       <r>    -8.9543     1.9899     7.9422 </r>
       <r>    -8.8824     0.6204     7.9868 </r>
       <r>    -8.8104     0.1501     7.9976 </r>
       <r>    -8.7385     0.0282     7.9997 </r>
       <r>    -8.6666     0.0041     8.0000 </r>
       <r>    -8.5947     0.0005     8.0000 </r>
       <r>    -8.5227     0.0000     8.0000 </r>
       <r>    -8.4508     0.0000     8.0000 </r>
       <r>    -8.3789     0.0000     8.0000 </r>
       <r>    -8.3069     0.0000     8.0000 </r>
       <r>    -8.2350     0.0000     8.0000 </r>
       <r>    -8.1631     0.0000     8.0000 </r>
       <r>    -8.0912     0.0000     8.0000 </r>
       <r>    -8.0192     0.0000     8.0000 </r>
       <r>    -7.9473     0.0000     8.0000 </r>
       <r>    -7.8754     0.0000     8.0000 </r>
       <r>    -7.8034     0.0000     8.0000 </r>
       <r>    -7.7315     0.0000     8.0000 </r>
       <r>    -7.6596     0.0000     8.0000 </r>
       <r>    -7.5876     0.0000     8.0000 </r>
       <r>    -7.5157     0.0000     8.0000 </r>
       <r>    -7.4438     0.0000     8.0000 </r>
       <r>    -7.3719     0.0000     8.0000 </r>
       <r>    -7.2999     0.0000     8.0000 </r>
       <r>    -7.2280     0.0000     8.0000 </r>
       <r>    -7.1561     0.0000     8.0000 </r>
       <r>    -7.0841     0.0000     8.0000 </r>
       <r>    -7.0122     0.0000     8.0000 </r>
       <r>    -6.9403     0.0000     8.0000 </r>
       <r>    -6.8683     0.0000     8.0000 </r>
       <r>    -6.7964     0.0000     8.0000 </r>
       <r>    -6.7245     0.0000     8.0000 </r>
       <r>    -6.6526     0.0000     8.0000 </r>
       <r>    -6.5806     0.0000     8.0000 </r>
       <r>    -6.5087     0.0000     8.0000 </r>
       <r>    -6.4368     0.0000     8.0000 </r>
       <r>    -6.3648     0.0000     8.0000 </r>
       <r>    -6.2929     0.0000     8.0000 </r>
       <r>    -6.2210     0.0000     8.0000 </r>
       <r>    -6.1490     0.0000     8.0000 </r>
       <r>    -6.0771     0.0000     8.0000 </r>
       <r>    -6.0052     0.0000     8.0000 </r>
       <r>    -5.9333     0.0000     8.0000 </r>
       <r>    -5.8613     0.0000     8.0000 </r>
       <r>    -5.7894     0.0000     8.0000 </r>
       <r>    -5.7175     0.0000     8.0000 </r>
       <r>    -5.6455     0.0000     8.0000 </r>
       <r>    -5.5736     0.0000     8.0000 </r>
       <r>    -5.5017     0.0000     8.0000 </r>
       <r>    -5.4297     0.0000     8.0000 </r>
       <r>    -5.3578     0.0000     8.0000 </r>
       <r>    -5.2859     0.0000     8.0000 </r>
       <r>    -5.2140     0.0000     8.0000 </r>
       <r>    -5.1420     0.0000     8.0000 </r>
       <r>    -5.0701     0.0000     8.0000 </r>
       <r>    -4.9982     0.0000     8.0000 </r>
       <r>    -4.9262     0.0000     8.0000 </r>
       <r>    -4.8543     0.0000     8.0000 </r>
       <r>    -4.7824     0.0000     8.0000 </r>
       <r>    -4.7105     0.0000     8.0000 </r>
       <r>    -4.6385     0.0000     8.0000 </r>
       <r>    -4.5666     0.0000     8.0000 </r>
       <r>    -4.4947     0.0000     8.0000 </r>
       <r>    -4.4227     0.0000     8.0000 </r>
       <r>    -4.3508     0.0000     8.0000 </r>
       <r>    -4.2789     0.0000     8.0000 </r>
       <r>    -4.2069     0.0000     8.0000 </r>
       <r>    -4.1350     0.0000     8.0000 </r>
       <r>    -4.0631     0.0000     8.0000 </r>
       <r>    -3.9912     0.0000     8.0000 </r>
       <r>    -3.9192     0.0000     8.0000 </r>
       <r>    -3.8473     0.0000     8.0000 </r>
       <r>    -3.7754     0.0000     8.0000 </r>
       <r>    -3.7034     0.0000     8.0000 </r>
       <r>    -3.6315     0.0000     8.0000 </r>
       <r>    -3.5596     0.0000     8.0000 </r>
       <r>    -3.4876     0.0000     8.0000 </r>
       <r>    -3.4157     0.0000     8.0000 </r>
       <r>    -3.3438     0.0000     8.0000 </r>
       <r>    -3.2719     0.0000     8.0000 </r>
       <r>    -3.1999     0.0000     8.0000 </r>
       <r>    -3.1280     0.0000     8.0000 </r>
       <r>    -3.0561     0.0000     8.0000 </r>
       <r>    -2.9841     0.0000     8.0000 </r>
       <r>    -2.9122     0.0000     8.0000 </r>
       <r>    -2.8403     0.0000     8.0000 </r>
       <r>    -2.7683     0.0000     8.0000 </r>
       <r>    -2.6964     0.0000     8.0000 </r>
       <r>    -2.6245     0.0000     8.0000 </r>
       <r>    -2.5526     0.0000     8.0000 </r>
       <r>    -2.4806     0.0000     8.0000 </r>
       <r>    -2.4087     0.0000     8.0000 </r>
       <r>    -2.3368     0.0000     8.0000 </r>
       <r>    -2.2648     0.0000     8.0000 </r>
       <r>    -2.1929     0.0000     8.0000 </r>
       <r>    -2.1210     0.0000     8.0000 </r>
       <r>    -2.0490     0.0000     8.0000 </r>
       <r>    -1.9771     0.0000     8.0000 </r>
       <r>    -1.9052     0.0000     8.0000 </r>
       <r>    -1.8333     0.0000     8.0000 </r>
       <r>    -1.7613     0.0000     8.0000 </r>
       <r>    -1.6894     0.0000     8.0000 </r>
       <r>    -1.6175     0.0000     8.0000 </r>
       <r>    -1.5455     0.0000     8.0000 </r>
       <r>    -1.4736     0.0000     8.0000 </r>
       <r>    -1.4017     0.0000     8.0000 </r>
       <r>    -1.3298     0.0000     8.0000 </r>
       <r>    -1.2578     0.0000     8.0000 </r>
       <r>    -1.1859     0.0000     8.0000 </r>
       <r>    -1.1140     0.0000     8.0000 </r>
       <r>    -1.0420     0.0000     8.0000 </r>
       <r>    -0.9701     0.0000     8.0000 </r>
       <r>    -0.8982     0.0005     8.0000 </r>
       <r>    -0.8262     0.0036     8.0003 </r>
       <r>    -0.7543     0.0220     8.0019 </r>
       <r>    -0.6824     0.1033     8.0093 </r>
       <r>    -0.6105     0.3774     8.0365 </r>
       <r>    -0.5385     1.0694     8.1134 </r>
       <r>    -0.4666     2.3522     8.2826 </r>
       <r>    -0.3947     4.0159     8.5714 </r>
       <r>    -0.3227     5.3226     8.9543 </r>
       <r>    -0.2508     5.4767     9.3482 </r>
       <r>    -0.1789     4.3748     9.6629 </r>
       <r>    -0.1069     2.7129     9.8580 </r>
       <r>    -0.0350     1.3062     9.9520 </r>
       <r>     0.0369     0.4905     9.9873 </r>
       <r>     0.1088     0.1584     9.9987 </r>
       <r>     0.1808     0.1187    10.0072 </r>
       <r>     0.2527     0.3578    10.0329 </r>
       <r>     0.3246     1.1359    10.1147 </r>
       <r>     0.3966     2.9257    10.3251 </r>
       <r>     0.4685     6.0740    10.7620 </r>
       <r>     0.5404    10.2141    11.4967 </r>
       <r>     0.6124    13.9482    12.5000 </r>
       <r>     0.6843    15.4497    13.6113 </r>
       <r>     0.7562    13.8188    14.6053 </r>
       <r>     0.8281     9.9165    15.3186 </r>
       <r>     0.9001     5.6697    15.7264 </r>
       <r>     0.9720     2.5664    15.9110 </r>
       <r>     1.0439     0.9148    15.9768 </r>
       <r>     1.1159     0.2558    15.9952 </r>
       <r>     1.1878     0.0559    15.9992 </r>
       <r>     1.2597     0.0095    15.9999 </r>
       <r>     1.3317     0.0013    16.0000 </r>
       <r>     1.4036     0.0001    16.0000 </r>
       <r>     1.4755     0.0000    16.0000 </r>
       <r>     1.5474     0.0000    16.0000 </r>
       <r>     1.6194     0.0000    16.0000 </r>
       <r>     1.6913     0.0000    16.0000 </r>
       <r>     1.7632     0.0000    16.0000 </r>
       <r>     1.8352     0.0000    16.0000 </r>
       <r>     1.9071     0.0000    16.0000 </r>
       <r>     1.9790     0.0000    16.0000 </r>
       <r>     2.0509     0.0000    16.0000 </r>
       <r>     2.1229     0.0000    16.0000 </r>
       <r>     2.1948     0.0000    16.0000 </r>
       <r>     2.2667     0.0000    16.0000 </r>
       <r>     2.3387     0.0000    16.0000 </r>
       <r>     2.4106     0.0000    16.0000 </r>
       <r>     2.4825     0.0000    16.0000 </r>
       <r>     2.5545     0.0000    16.0000 </r>
       <r>     2.6264     0.0000    16.0000 </r>
       <r>     2.6983     0.0000    16.0000 </r>
      </set>
     </set>
    </array>
   </total>
  </dos>
 </calculation>
 <structure name="finalpos" >
  <crystal>
   <varray name="basis" >
    <v>      10.00000000       0.00000000       0.00000000 </v>
    <v>       0.00000000      10.00000000       0.00000000 </v>
    <v>       0.00000000       0.00000000      10.00000000 </v>
   </varray>
   <i name="volume">   1000.00000000 </i>
   <varray name="rec_basis" >
    <v>       0.10000000       0.00000000       0.00000000 </v>
    <v>       0.00000000       0.10000000       0.00000000 </v>
    <v>       0.00000000       0.00000000       0.10000000 </v>
   </varray>
  </crystal>
  <varray name="positions" >
   <v>       0.53815400       0.40686100       0.36057300 </v>
   <v>       0.39454000       0.48032100       0.43846900 </v>
   <v>       0.55209200       0.56545000       0.44270900 </v>
   <v>       0.52818500       0.41641500       0.53918300 </v>
   <v>       0.50325100       0.46725500       0.44523200 </v>
  </varray>
 </structure>
</modeling>
